maximum_temperature,seasonal_normal_temperature,temp_deviation,relative_humidity,wind_speed,forecast_weather_data,heatwave_label
35.8,36.9,-1.1,33.9,24.1,36.1,Normal
32.4,39.8,-7.4,22.8,19.8,32.3,Normal
38.2,38.7,-0.4,76.7,22.8,38.5,Normal
42.2,38.0,4.2,38.8,7.4,44.1,Normal
38.7,35.8,2.9,46.6,6.5,39.6,Normal
38.3,35.8,2.5,26.9,2.1,38.3,Normal
35.3,35.3,0.0,70.2,18.3,33.9,Normal
35.9,39.3,-3.5,21.7,23.6,35.4,Normal
40.8,38.0,2.8,70.0,6.3,41.5,Normal
36.6,38.5,-1.9,28.4,16.6,35.4,Normal
43.7,35.1,8.6,73.2,19.2,45.9,Severe Heatwave
42.8,39.8,3.0,63.8,23.3,42.9,Normal
38.1,39.2,-1.0,29.9,16.9,38.2,Normal
34.9,36.1,-1.1,53.9,24.3,34.3,Normal
36.6,35.9,0.7,38.8,9.9,37.1,Normal
36.1,35.9,0.2,30.7,10.0,34.9,Normal
41.4,36.5,4.9,71.6,14.5,43.6,Heatwave
39.3,37.6,1.7,44.2,10.8,40.6,Normal
35.6,37.2,-1.6,43.9,2.0,36.6,Normal
44.1,36.5,7.6,30.2,18.8,42.7,Severe Heatwave
39.2,38.1,1.2,43.0,19.3,39.4,Normal
39.4,35.7,3.7,72.3,19.2,40.6,Normal
35.3,36.5,-1.1,41.8,9.9,35.9,Normal
39.1,36.8,2.3,77.1,14.0,38.1,Normal
39.4,37.3,2.1,76.8,10.3,38.7,Normal
33.3,38.9,-5.6,28.7,2.4,32.9,Normal
44.1,36.0,8.1,30.6,14.9,43.4,Severe Heatwave
43.1,37.6,5.5,71.8,4.8,44.6,Heatwave
37.6,38.0,-0.4,43.6,3.8,35.7,Normal
32.4,35.2,-2.9,20.3,19.4,33.0,Normal
40.3,38.0,2.2,36.4,2.2,39.0,Normal
37.2,35.9,1.3,55.9,24.1,36.2,Normal
37.6,35.3,2.2,68.0,13.9,35.6,Normal
41.4,39.7,1.7,28.0,24.6,40.9,Normal
42.6,39.8,2.8,26.6,3.3,44.1,Normal
45.1,39.0,6.1,75.3,15.4,45.4,Heatwave
39.5,36.5,3.0,65.1,10.0,38.3,Normal
32.8,35.5,-2.7,55.4,21.4,33.8,Normal
44.2,38.4,5.8,66.2,10.3,45.4,Heatwave
43.9,37.2,6.7,45.7,8.0,44.0,Severe Heatwave
47.6,35.6,12.0,65.5,21.7,49.7,Severe Heatwave
34.5,37.5,-2.9,42.3,10.6,35.4,Normal
37.0,35.2,1.9,34.6,2.4,37.7,Normal
33.3,39.5,-6.3,63.7,11.0,32.5,Normal
39.2,36.3,2.9,45.2,17.1,39.9,Normal
37.4,38.3,-0.9,78.9,7.9,37.6,Normal
44.3,36.6,7.7,41.0,11.9,44.8,Severe Heatwave
35.9,37.6,-1.7,75.3,3.3,35.2,Normal
32.8,37.7,-4.9,76.0,15.5,32.9,Normal
35.3,35.9,-0.6,34.5,19.4,34.5,Normal
33.9,39.8,-5.9,67.9,11.5,31.8,Normal
42.5,38.9,3.6,46.0,11.7,43.5,Normal
33.5,39.7,-6.2,75.1,4.0,32.0,Normal
40.6,39.5,1.1,47.0,6.6,40.7,Normal
31.7,38.0,-6.3,64.7,5.6,32.1,Normal
39.5,39.6,-0.1,48.0,13.1,39.8,Normal
42.2,35.4,6.8,33.7,14.2,41.9,Severe Heatwave
38.2,36.0,2.3,32.0,23.8,38.5,Normal
33.2,35.2,-2.0,45.5,3.7,33.7,Normal
37.5,36.6,0.9,65.3,15.8,38.3,Normal
38.0,36.9,1.1,56.3,14.1,39.7,Normal
39.0,36.4,2.7,61.3,13.9,39.2,Normal
35.4,39.1,-3.8,36.9,22.1,35.4,Normal
39.9,36.8,3.1,48.9,6.7,39.0,Normal
27.9,36.4,-8.5,22.7,2.9,28.4,Normal
36.5,37.7,-1.2,69.1,17.5,37.2,Normal
35.0,35.7,-0.7,79.4,9.9,34.8,Normal
42.2,39.0,3.2,44.4,2.4,42.8,Normal
36.5,35.4,1.1,20.7,7.8,36.2,Normal
36.0,39.9,-3.9,30.2,9.1,36.7,Normal
36.4,38.9,-2.4,59.2,16.2,37.3,Normal
37.7,36.0,1.7,56.7,6.0,38.6,Normal
35.8,35.0,0.7,67.3,11.5,35.9,Normal
38.1,39.1,-1.0,35.2,13.1,37.0,Normal
37.9,38.5,-0.7,65.8,12.6,37.2,Normal
42.1,38.6,3.4,61.3,24.4,42.7,Normal
38.0,38.9,-0.8,39.4,3.0,40.5,Normal
36.1,35.4,0.7,52.7,23.9,35.7,Normal
45.4,36.8,8.6,28.8,15.4,45.8,Severe Heatwave
31.6,35.6,-4.0,47.2,20.3,31.0,Normal
33.8,39.3,-5.5,72.9,11.9,32.9,Normal
41.9,38.1,3.7,45.3,12.4,41.2,Normal
35.3,36.7,-1.4,70.4,22.2,33.2,Normal
35.2,35.3,-0.1,55.4,22.6,36.6,Normal
34.8,36.6,-1.7,31.5,7.5,32.6,Normal
36.7,36.6,0.1,54.9,6.6,36.5,Normal
45.2,38.6,6.6,50.4,13.4,44.1,Severe Heatwave
42.0,38.2,3.8,43.9,22.7,41.1,Normal
43.5,39.4,4.0,27.2,9.4,44.8,Normal
33.4,37.4,-4.0,45.0,17.0,33.6,Normal
32.6,35.6,-3.0,24.4,18.3,31.6,Normal
29.6,38.6,-8.9,25.9,19.9,29.0,Normal
37.0,38.8,-1.8,45.0,15.0,36.2,Normal
42.2,37.8,4.3,38.3,11.3,42.1,Normal
41.7,38.9,2.8,75.5,24.2,41.8,Normal
37.7,37.5,0.2,42.5,16.1,39.6,Normal
38.5,37.6,0.9,65.5,18.8,36.6,Normal
35.7,37.1,-1.4,51.8,9.9,35.7,Normal
36.8,35.1,1.7,62.2,17.4,36.5,Normal
39.2,35.5,3.7,35.6,7.9,40.2,Normal
30.5,35.2,-4.7,76.5,7.6,30.9,Normal
40.2,38.2,2.0,51.8,18.4,40.8,Normal
40.8,36.6,4.3,69.9,14.0,41.2,Normal
37.1,37.5,-0.5,41.9,17.7,36.2,Normal
43.0,39.5,3.5,26.0,8.2,44.2,Normal
47.1,36.2,10.9,60.4,15.8,47.9,Severe Heatwave
37.7,37.1,0.6,20.5,12.2,38.6,Normal
41.2,38.8,2.4,48.5,15.7,42.4,Normal
34.6,36.1,-1.6,31.6,8.7,35.0,Normal
37.0,35.4,1.6,57.6,18.5,38.5,Normal
39.1,36.4,2.6,78.8,20.5,39.4,Normal
37.5,35.8,1.7,47.9,8.0,37.3,Normal
37.1,39.6,-2.6,69.0,8.9,37.1,Normal
40.8,39.0,1.7,50.5,17.2,40.7,Normal
44.3,38.2,6.1,49.8,18.0,43.8,Heatwave
41.9,39.4,2.6,75.8,18.2,43.6,Normal
43.4,39.0,4.4,73.4,17.7,43.7,Normal
36.1,35.9,0.2,67.1,11.0,36.2,Normal
43.1,39.5,3.6,37.8,11.1,43.5,Normal
39.7,37.7,2.0,52.7,7.9,42.7,Normal
36.7,39.0,-2.3,33.4,5.6,35.6,Normal
41.6,39.5,2.1,46.6,17.9,40.8,Normal
34.1,36.6,-2.5,49.1,4.1,32.7,Normal
34.3,35.6,-1.2,69.9,23.6,34.1,Normal
37.8,36.1,1.7,73.8,21.0,38.0,Normal
39.2,37.1,2.0,44.9,21.7,38.7,Normal
35.9,39.1,-3.2,21.1,22.9,35.4,Normal
44.0,39.3,4.7,71.7,11.4,44.1,Heatwave
38.0,35.0,3.0,30.5,21.5,37.5,Normal
36.1,37.6,-1.5,57.3,5.6,36.4,Normal
32.7,37.1,-4.4,21.5,2.5,33.8,Normal
36.6,36.1,0.5,44.0,20.1,37.3,Normal
35.0,35.6,-0.6,79.2,3.7,35.9,Normal
38.1,36.7,1.4,26.0,24.7,39.2,Normal
39.4,39.7,-0.3,45.4,17.5,39.7,Normal
30.6,36.6,-6.0,38.4,19.3,30.4,Normal
37.2,37.6,-0.4,74.3,7.7,36.5,Normal
38.4,38.5,-0.1,72.2,17.5,38.1,Normal
40.0,36.8,3.2,34.3,3.0,39.5,Normal
38.4,39.9,-1.4,24.9,21.3,39.1,Normal
46.7,39.8,6.9,57.6,5.9,47.0,Severe Heatwave
30.6,36.3,-5.7,40.2,18.0,31.3,Normal
43.1,37.5,5.6,60.3,7.2,41.9,Heatwave
36.7,36.5,0.2,21.9,3.6,38.2,Normal
40.4,36.4,4.0,28.0,13.1,40.0,Normal
36.5,35.2,1.3,61.2,5.9,35.4,Normal
43.0,38.0,5.0,32.7,18.8,42.6,Heatwave
37.2,37.5,-0.4,71.5,7.5,39.6,Normal
32.4,35.3,-2.8,23.5,9.9,32.0,Normal
42.4,36.4,6.0,32.9,15.1,42.0,Heatwave
40.1,39.5,0.6,79.9,8.6,40.0,Normal
38.0,36.2,1.8,46.0,10.7,37.8,Normal
41.0,35.7,5.3,62.2,20.8,40.3,Heatwave
34.8,37.4,-2.6,31.0,6.1,35.0,Normal
43.0,39.9,3.1,56.6,3.9,44.1,Normal
35.1,36.2,-1.1,63.6,9.6,35.5,Normal
38.9,38.4,0.5,38.9,11.8,37.8,Normal
40.1,38.8,1.3,69.7,14.5,39.7,Normal
31.9,36.2,-4.3,56.2,10.6,31.4,Normal
36.9,38.6,-1.7,43.3,20.2,37.0,Normal
42.6,36.8,5.7,53.5,2.9,43.9,Heatwave
42.3,38.2,4.1,54.6,11.9,42.1,Normal
38.9,38.2,0.8,29.9,10.8,38.9,Normal
39.5,37.7,1.9,44.2,16.9,41.3,Normal
35.4,35.5,-0.0,40.6,24.2,36.3,Normal
44.9,39.2,5.7,44.1,13.7,45.5,Heatwave
36.9,36.6,0.3,65.7,24.7,38.9,Normal
37.7,35.9,1.8,49.0,9.0,38.2,Normal
40.2,35.2,5.0,76.4,2.7,38.2,Heatwave
36.2,38.0,-1.7,37.6,5.8,37.1,Normal
44.8,38.4,6.5,44.9,11.1,43.3,Severe Heatwave
30.7,35.1,-4.4,67.2,9.3,31.2,Normal
44.3,37.6,6.7,52.8,4.2,42.6,Severe Heatwave
35.8,36.1,-0.3,52.8,12.0,35.4,Normal
38.4,38.2,0.2,23.2,9.8,38.0,Normal
30.3,35.9,-5.6,43.9,4.8,29.5,Normal
37.9,38.5,-0.6,36.2,8.8,37.5,Normal
34.3,36.9,-2.6,80.0,22.4,35.3,Normal
38.6,39.7,-1.1,38.5,8.9,37.8,Normal
36.2,35.7,0.5,73.1,18.4,36.8,Normal
41.1,36.7,4.4,60.6,16.1,40.1,Normal
37.3,35.6,1.7,40.5,11.8,37.1,Normal
41.7,39.6,2.1,52.6,7.5,42.0,Normal
36.6,39.4,-2.8,70.4,10.5,35.6,Normal
34.2,36.3,-2.1,73.0,15.6,32.9,Normal
45.6,38.3,7.3,29.6,10.1,46.1,Severe Heatwave
37.5,39.1,-1.6,40.4,6.9,38.6,Normal
44.6,37.8,6.8,40.1,4.7,44.5,Severe Heatwave
37.8,37.6,0.1,22.5,22.2,37.3,Normal
37.2,36.2,1.0,55.9,12.1,37.4,Normal
40.2,35.5,4.7,71.3,16.4,40.3,Heatwave
44.9,39.5,5.5,42.9,13.3,45.2,Heatwave
40.1,39.5,0.6,64.4,22.1,37.6,Normal
37.8,38.2,-0.4,57.7,14.6,36.7,Normal
37.5,36.7,0.8,42.5,13.1,36.7,Normal
38.9,36.7,2.2,28.5,23.3,39.1,Normal
42.7,38.6,4.1,62.6,18.6,42.9,Normal
40.5,39.5,1.0,71.3,4.6,41.1,Normal
42.6,39.4,3.2,61.2,6.1,42.9,Normal
45.6,38.9,6.7,21.1,20.1,44.3,Severe Heatwave
40.5,38.2,2.3,33.0,21.2,42.0,Normal
37.5,35.4,2.1,24.2,14.5,38.8,Normal
31.5,35.8,-4.3,54.2,14.8,30.2,Normal
31.3,39.5,-8.2,65.4,16.5,31.6,Normal
40.4,38.0,2.4,26.6,12.1,39.8,Normal
35.7,35.0,0.7,70.3,17.6,35.9,Normal
34.7,35.5,-0.8,53.3,4.5,35.8,Normal
40.2,38.3,1.9,61.4,24.1,42.3,Normal
35.8,35.0,0.8,78.3,19.3,36.6,Normal
40.8,35.8,4.9,25.0,16.5,41.0,Heatwave
39.0,37.7,1.3,74.1,9.3,38.7,Normal
36.8,38.5,-1.6,27.6,5.7,37.0,Normal
42.7,38.3,4.5,43.6,11.4,44.1,Normal
36.4,36.1,0.2,71.1,17.2,36.3,Normal
41.4,38.6,2.8,74.4,16.6,40.5,Normal
35.5,36.2,-0.7,50.4,10.8,33.9,Normal
35.4,36.6,-1.3,55.6,16.1,35.9,Normal
40.0,38.7,1.3,62.5,20.7,40.3,Normal
39.3,38.2,1.0,70.0,2.6,38.6,Normal
41.9,39.2,2.7,27.3,12.4,43.0,Normal
38.3,38.3,0.1,68.6,19.4,37.9,Normal
32.4,37.8,-5.4,48.9,14.6,32.3,Normal
35.0,35.5,-0.5,47.0,17.0,34.9,Normal
40.6,36.8,3.8,45.4,13.9,40.3,Normal
36.3,36.3,-0.0,50.6,24.8,36.5,Normal
36.4,36.2,0.1,76.7,3.3,37.5,Normal
44.3,39.9,4.5,52.9,13.3,43.2,Normal
35.5,37.0,-1.5,77.2,4.1,36.0,Normal
35.1,39.5,-4.4,30.8,5.7,35.2,Normal
38.6,38.2,0.4,63.4,10.8,38.7,Normal
38.3,39.0,-0.7,68.7,5.6,39.2,Normal
35.1,37.5,-2.4,60.7,24.2,35.2,Normal
38.3,37.9,0.4,56.4,23.8,38.8,Normal
40.2,37.5,2.7,53.9,9.7,40.9,Normal
36.9,36.0,1.0,71.7,16.7,36.4,Normal
40.7,38.6,2.1,69.3,14.3,41.0,Normal
43.8,36.4,7.3,27.3,20.8,43.5,Severe Heatwave
34.9,35.1,-0.2,70.9,16.4,34.8,Normal
40.2,38.2,2.0,44.8,2.0,39.9,Normal
35.1,35.9,-0.8,35.2,19.6,35.6,Normal
37.7,39.7,-2.0,72.2,19.2,37.8,Normal
38.7,39.8,-1.0,45.9,13.7,39.1,Normal
38.9,39.6,-0.7,68.5,22.8,38.9,Normal
39.1,36.9,2.3,35.8,22.9,37.5,Normal
44.3,35.1,9.2,20.2,14.0,44.3,Severe Heatwave
38.1,39.6,-1.5,49.7,16.0,38.2,Normal
36.7,37.1,-0.5,26.0,24.9,36.9,Normal
40.6,39.8,0.8,65.3,8.9,40.0,Normal
42.2,39.8,2.4,36.6,9.5,41.0,Normal
41.2,39.3,1.9,46.6,6.2,41.8,Normal
42.0,36.5,5.5,25.2,22.6,41.7,Heatwave
29.4,36.9,-7.5,37.2,19.1,29.6,Normal
31.9,39.3,-7.4,66.9,4.4,31.6,Normal
35.8,36.6,-0.7,29.1,24.6,35.8,Normal
40.7,35.8,4.8,58.8,18.8,40.2,Heatwave
33.3,37.8,-4.5,75.0,21.6,32.3,Normal
30.2,39.7,-9.5,60.8,3.1,30.6,Normal
41.5,38.5,3.0,68.7,13.6,40.9,Normal
39.7,37.9,1.9,26.5,18.1,39.9,Normal
32.7,35.5,-2.8,35.0,14.5,33.1,Normal
35.6,38.1,-2.4,73.7,17.3,35.0,Normal
37.6,40.0,-2.4,62.9,20.8,36.4,Normal
37.1,35.7,1.4,58.4,10.6,39.5,Normal
36.4,37.6,-1.2,59.8,21.5,35.9,Normal
42.1,39.4,2.7,44.9,5.7,42.7,Normal
29.7,38.7,-9.0,22.7,8.2,31.7,Normal
36.5,38.5,-2.0,67.1,3.0,37.3,Normal
35.6,38.5,-2.9,60.7,10.4,35.3,Normal
36.9,36.8,0.1,48.4,10.7,36.8,Normal
35.6,36.5,-0.9,74.0,20.5,34.8,Normal
42.8,39.0,3.8,40.2,17.0,43.7,Normal
33.5,39.1,-5.5,37.7,12.0,34.1,Normal
40.5,39.3,1.2,72.4,17.0,40.0,Normal
42.5,39.6,3.0,67.8,3.2,41.5,Normal
45.1,37.6,7.5,50.9,6.1,43.7,Severe Heatwave
36.8,37.5,-0.7,27.8,16.4,37.8,Normal
41.1,39.0,2.1,32.9,16.8,41.2,Normal
32.9,38.2,-5.3,59.4,19.8,33.2,Normal
31.1,38.5,-7.4,43.1,11.3,30.3,Normal
42.9,39.0,4.0,70.2,18.6,41.5,Normal
40.4,39.5,1.0,77.0,17.7,41.4,Normal
41.8,36.7,5.1,68.3,24.2,41.9,Heatwave
33.1,36.9,-3.8,42.7,6.9,34.0,Normal
38.3,35.5,2.8,67.3,14.7,37.9,Normal
45.4,37.9,7.5,41.1,15.8,45.2,Severe Heatwave
37.6,35.2,2.5,30.0,25.0,38.4,Normal
39.3,37.3,2.0,22.0,6.6,40.0,Normal
38.7,37.7,1.0,43.1,14.0,39.5,Normal
31.9,36.4,-4.5,74.2,10.0,31.6,Normal
43.7,38.0,5.7,34.3,14.1,44.3,Heatwave
34.0,35.2,-1.1,32.4,7.3,35.1,Normal
38.0,35.2,2.8,78.2,3.1,37.8,Normal
34.6,39.1,-4.5,21.5,15.2,34.1,Normal
33.7,36.8,-3.1,67.1,9.7,35.0,Normal
41.7,35.6,6.0,39.3,6.2,41.0,Heatwave
37.4,37.6,-0.2,22.2,9.5,38.0,Normal
44.9,38.8,6.1,75.1,3.1,44.9,Heatwave
36.8,36.1,0.7,28.4,23.9,35.0,Normal
32.7,38.1,-5.4,53.1,15.4,33.8,Normal
39.5,35.4,4.1,36.4,20.7,36.8,Normal
34.2,35.3,-1.1,23.9,11.7,32.2,Normal
41.1,37.7,3.4,23.0,22.8,41.6,Normal
38.8,37.7,1.1,26.9,13.1,39.3,Normal
33.8,38.2,-4.4,24.3,15.2,33.1,Normal
40.2,38.6,1.6,65.6,13.3,40.4,Normal
48.6,39.9,8.7,49.1,18.9,46.0,Severe Heatwave
40.3,37.6,2.7,40.6,15.0,41.0,Normal
37.4,36.6,0.8,45.1,8.2,37.7,Normal
43.7,39.0,4.8,75.7,5.3,43.7,Heatwave
38.1,36.4,1.7,74.6,15.9,38.1,Normal
38.9,37.2,1.7,62.9,13.3,39.4,Normal
32.6,35.4,-2.8,73.1,4.2,32.5,Normal
36.9,35.1,1.8,39.2,11.1,35.1,Normal
44.4,39.8,4.6,42.9,13.8,46.6,Heatwave
37.3,39.2,-1.9,56.8,21.0,38.5,Normal
44.5,38.5,6.0,57.4,3.8,43.2,Heatwave
37.7,37.0,0.7,48.9,10.0,37.4,Normal
33.8,35.9,-2.1,44.0,20.9,33.5,Normal
40.3,35.8,4.5,79.2,16.9,41.4,Normal
36.2,36.3,-0.0,69.3,8.7,34.1,Normal
41.4,37.7,3.7,46.1,21.4,40.9,Normal
38.6,38.6,-0.0,63.6,13.3,36.8,Normal
39.1,38.3,0.8,36.2,13.5,38.8,Normal
39.1,36.4,2.7,26.0,24.5,38.7,Normal
41.8,39.8,2.0,41.1,23.8,41.9,Normal
32.7,38.7,-6.0,44.2,10.2,32.1,Normal
34.8,37.8,-2.9,21.0,5.2,34.1,Normal
42.3,38.1,4.3,68.9,9.5,42.9,Normal
37.6,37.1,0.5,41.6,2.7,38.1,Normal
35.4,36.2,-0.8,54.8,2.5,36.0,Normal
33.0,36.8,-3.8,24.4,11.1,32.8,Normal
36.0,38.8,-2.8,30.5,23.6,35.4,Normal
29.0,35.1,-6.1,73.4,22.0,28.9,Normal
36.2,35.6,0.6,56.5,13.8,36.7,Normal
34.1,35.2,-1.1,77.0,15.0,32.0,Normal
32.8,35.2,-2.4,79.9,2.1,33.2,Normal
40.0,39.3,0.8,42.3,7.0,40.3,Normal
40.8,38.5,2.3,37.9,2.6,40.9,Normal
45.7,37.4,8.3,71.5,19.4,45.5,Severe Heatwave
31.2,35.5,-4.3,79.9,5.3,28.6,Normal
42.5,37.5,5.1,57.8,22.0,42.1,Heatwave
41.8,37.4,4.4,67.7,16.8,43.6,Normal
34.1,35.9,-1.7,66.9,7.3,34.2,Normal
38.9,37.2,1.7,41.3,5.6,38.6,Normal
36.4,37.0,-0.6,54.5,16.4,36.4,Normal
39.7,38.1,1.6,70.0,22.7,40.1,Normal
44.5,38.2,6.3,61.3,18.5,45.1,Heatwave
38.3,35.2,3.1,21.3,10.0,38.1,Normal
39.7,36.9,2.8,40.2,15.5,40.1,Normal
37.6,38.1,-0.5,28.7,9.1,39.3,Normal
33.3,37.5,-4.2,34.0,25.0,34.3,Normal
39.6,39.3,0.3,74.3,19.2,41.9,Normal
43.5,38.3,5.2,22.2,16.1,42.9,Heatwave
31.5,35.8,-4.3,33.2,11.7,33.1,Normal
32.7,35.4,-2.7,38.6,16.2,31.9,Normal
39.7,38.2,1.4,57.0,9.9,40.0,Normal
32.7,35.1,-2.4,52.0,2.7,33.4,Normal
36.2,37.9,-1.8,33.1,11.1,35.6,Normal
39.2,39.7,-0.5,29.9,23.4,39.3,Normal
34.1,37.9,-3.8,34.2,16.4,35.0,Normal
34.5,36.9,-2.4,50.2,3.9,33.8,Normal
41.7,38.2,3.5,36.3,22.4,43.3,Normal
33.7,37.3,-3.6,76.9,8.2,32.3,Normal
33.1,37.7,-4.6,47.8,7.6,35.1,Normal
38.5,39.7,-1.2,23.5,8.8,39.5,Normal
40.5,36.9,3.6,63.8,15.3,40.4,Normal
40.1,39.8,0.3,39.7,14.5,39.7,Normal
38.9,39.5,-0.6,59.2,13.3,38.4,Normal
37.1,36.0,1.2,36.8,18.5,37.0,Normal
30.2,35.3,-5.1,54.2,9.3,30.2,Normal
38.2,35.5,2.7,66.3,20.0,39.5,Normal
37.4,35.1,2.3,75.7,6.0,39.4,Normal
35.0,35.5,-0.4,35.7,20.0,35.2,Normal
42.9,38.4,4.5,40.1,17.3,42.1,Heatwave
32.4,35.4,-2.9,47.9,17.7,31.9,Normal
41.5,36.6,4.9,75.6,13.1,41.4,Heatwave
40.8,39.2,1.5,74.1,17.3,39.7,Normal
34.9,35.1,-0.2,25.4,3.8,33.8,Normal
40.0,39.1,0.9,27.9,21.6,42.1,Normal
37.0,36.4,0.6,49.7,3.3,37.3,Normal
40.9,35.6,5.3,26.4,5.4,40.0,Heatwave
35.7,38.5,-2.8,40.7,15.3,36.5,Normal
36.5,38.1,-1.7,28.9,19.0,35.3,Normal
44.0,39.4,4.6,58.2,3.8,42.9,Heatwave
37.6,38.7,-1.1,77.0,23.2,36.8,Normal
43.2,39.0,4.2,79.8,24.4,44.8,Normal
43.4,36.4,6.9,42.5,15.9,43.1,Severe Heatwave
35.5,35.9,-0.4,55.9,13.1,33.0,Normal
42.1,38.8,3.4,71.4,19.1,43.3,Normal
36.0,39.0,-3.0,27.0,9.6,35.7,Normal
43.6,40.0,3.6,61.4,13.3,41.7,Normal
38.8,37.1,1.7,44.5,23.1,38.4,Normal
39.5,36.9,2.7,32.4,24.0,40.0,Normal
37.6,38.9,-1.3,44.2,23.3,38.0,Normal
31.9,36.7,-4.8,24.6,8.0,33.7,Normal
42.4,39.7,2.8,61.7,7.3,41.6,Normal
33.1,39.3,-6.2,35.2,8.8,33.1,Normal
37.0,37.1,-0.1,38.7,12.2,36.3,Normal
43.0,38.8,4.3,27.3,9.2,41.5,Normal
40.4,38.8,1.7,71.9,10.6,41.3,Normal
43.3,35.5,7.8,49.6,16.3,43.8,Severe Heatwave
44.1,39.5,4.6,54.3,19.5,44.4,Heatwave
36.2,37.5,-1.3,54.2,18.9,36.7,Normal
40.2,39.1,1.1,44.6,20.7,39.5,Normal
37.4,36.6,0.8,31.6,2.7,36.4,Normal
34.9,39.5,-4.5,64.7,3.1,35.0,Normal
34.7,36.9,-2.3,27.6,20.2,35.8,Normal
34.1,35.1,-1.0,26.2,14.3,35.7,Normal
33.4,39.5,-6.1,62.6,15.3,34.2,Normal
36.6,35.5,1.2,32.5,3.2,36.7,Normal
36.7,36.6,0.1,38.4,7.9,37.0,Normal
34.9,39.8,-4.9,48.5,16.7,34.9,Normal
42.2,39.8,2.4,47.0,21.8,41.1,Normal
41.4,37.9,3.5,62.5,23.1,41.4,Normal
40.0,38.2,1.8,57.4,13.5,38.6,Normal
37.1,37.2,-0.1,58.7,14.5,37.0,Normal
39.5,36.5,3.1,62.8,21.2,41.2,Normal
40.0,36.6,3.4,37.6,14.4,40.8,Normal
40.4,38.4,2.1,39.3,13.9,39.5,Normal
36.9,38.8,-1.9,46.3,22.8,36.8,Normal
40.9,39.0,2.0,38.4,20.2,40.1,Normal
44.1,38.9,5.2,79.1,22.9,44.1,Heatwave
34.4,35.5,-1.1,68.8,7.0,35.4,Normal
45.8,37.5,8.3,29.9,14.1,46.5,Severe Heatwave
34.4,35.3,-0.8,20.3,21.4,36.9,Normal
38.9,37.7,1.1,22.6,4.6,40.1,Normal
35.9,37.2,-1.4,34.6,20.3,36.1,Normal
41.2,39.4,1.8,26.9,6.2,41.9,Normal
31.7,36.8,-5.1,52.0,20.6,31.5,Normal
34.7,35.6,-0.9,71.5,16.1,33.5,Normal
32.9,35.7,-2.8,64.2,6.4,34.2,Normal
40.3,38.8,1.5,32.9,12.9,41.3,Normal
42.6,38.1,4.5,44.0,17.7,42.3,Normal
38.8,35.5,3.3,50.5,16.6,39.0,Normal
28.1,35.4,-7.3,68.6,11.8,29.4,Normal
46.7,38.5,8.1,70.3,22.7,47.5,Severe Heatwave
37.4,35.4,2.0,74.6,13.9,35.9,Normal
37.4,39.1,-1.7,50.6,13.6,37.6,Normal
40.1,38.5,1.5,61.7,3.4,39.9,Normal
37.0,35.4,1.6,26.7,23.2,38.1,Normal
34.1,35.4,-1.3,53.9,6.1,35.1,Normal
41.6,39.9,1.7,34.9,14.2,42.9,Normal
35.7,36.9,-1.1,45.9,20.5,34.6,Normal
36.4,36.9,-0.4,58.0,7.0,35.7,Normal
37.7,39.1,-1.4,35.4,14.1,38.8,Normal
35.7,39.7,-4.0,23.1,7.5,35.1,Normal
41.4,39.9,1.5,20.6,19.5,39.9,Normal
41.8,38.8,3.0,21.3,15.0,42.3,Normal
39.7,36.9,2.8,20.5,21.7,39.1,Normal
39.3,35.4,3.9,26.6,22.6,41.1,Normal
41.0,38.9,2.1,34.4,16.9,41.3,Normal
36.9,37.8,-0.9,33.3,18.7,37.1,Normal
41.1,37.1,3.9,79.2,14.6,40.7,Normal
35.8,39.5,-3.8,38.4,10.8,37.4,Normal
33.4,35.6,-2.2,27.6,16.9,33.8,Normal
35.1,37.5,-2.4,52.7,22.9,34.7,Normal
39.8,35.1,4.8,71.5,11.6,39.0,Normal
41.6,37.3,4.3,60.7,9.2,41.6,Normal
38.0,35.3,2.7,37.8,10.9,37.0,Normal
40.3,35.6,4.8,53.7,12.0,41.4,Heatwave
33.5,35.6,-2.1,62.9,3.7,31.7,Normal
40.5,38.2,2.2,63.7,13.5,40.3,Normal
39.3,38.7,0.6,60.0,13.4,39.9,Normal
41.9,37.9,4.0,72.2,15.5,42.2,Normal
40.4,39.8,0.6,72.2,10.3,39.7,Normal
36.5,36.9,-0.3,54.7,16.1,37.2,Normal
39.3,36.4,2.9,45.8,22.2,38.4,Normal
43.4,39.3,4.1,58.5,24.0,43.4,Normal
34.8,36.1,-1.3,69.1,15.4,35.4,Normal
40.6,39.8,0.8,20.3,3.0,41.1,Normal
32.4,35.1,-2.7,79.5,24.3,31.7,Normal
32.1,39.8,-7.7,31.0,18.2,33.3,Normal
36.9,35.2,1.7,48.2,9.7,37.0,Normal
42.6,39.5,3.1,72.3,5.4,43.3,Normal
39.6,37.6,1.9,33.5,5.3,41.1,Normal
34.1,40.0,-5.8,48.6,5.9,35.3,Normal
35.1,35.4,-0.2,28.0,3.0,36.3,Normal
31.0,37.8,-6.8,43.7,22.7,31.2,Normal
45.6,39.8,5.8,30.6,14.4,46.4,Heatwave
34.8,37.6,-2.8,41.8,18.1,35.0,Normal
43.5,38.1,5.4,42.4,21.0,42.3,Heatwave
42.8,38.5,4.3,79.6,20.2,43.1,Normal
35.1,37.3,-2.2,79.7,22.3,35.4,Normal
35.2,38.1,-3.0,26.9,24.2,35.8,Normal
40.1,37.9,2.2,63.6,12.1,40.0,Normal
37.6,39.5,-2.0,23.1,23.9,36.8,Normal
36.6,35.2,1.4,21.8,18.6,37.2,Normal
35.7,36.4,-0.7,26.3,3.6,34.4,Normal
34.5,39.8,-5.2,77.9,17.7,36.0,Normal
32.6,39.5,-6.8,76.5,17.8,32.4,Normal
39.1,37.3,1.8,31.6,22.8,39.3,Normal
37.1,38.1,-1.0,29.7,10.6,37.7,Normal
35.5,36.4,-0.9,34.4,15.5,36.0,Normal
39.4,35.9,3.4,50.9,2.3,38.0,Normal
42.4,37.3,5.1,54.2,9.6,43.2,Heatwave
36.8,36.8,0.0,33.3,3.4,37.1,Normal
37.7,37.9,-0.2,65.4,14.0,37.1,Normal
38.1,35.4,2.8,38.6,20.8,37.4,Normal
36.1,39.9,-3.7,75.3,6.7,35.8,Normal
41.7,39.9,1.8,59.4,14.1,40.4,Normal
41.4,38.5,2.9,46.2,6.7,43.1,Normal
41.1,37.7,3.4,67.4,4.8,42.5,Normal
30.8,36.5,-5.8,69.1,13.8,31.2,Normal
37.4,39.1,-1.7,37.4,3.8,37.2,Normal
36.3,38.4,-2.1,40.4,15.5,36.2,Normal
37.2,35.8,1.3,76.2,2.7,37.9,Normal
42.2,39.6,2.7,29.9,4.5,44.0,Normal
45.4,39.1,6.2,22.5,14.6,44.8,Heatwave
39.0,39.7,-0.7,47.2,15.6,37.9,Normal
37.9,38.6,-0.7,68.1,2.7,39.4,Normal
43.1,38.1,5.0,66.3,15.2,41.3,Heatwave
39.1,37.1,2.0,75.2,21.3,38.1,Normal
45.1,39.7,5.4,52.0,18.6,44.9,Heatwave
41.3,39.3,2.0,26.0,5.0,39.8,Normal
32.2,35.2,-3.0,55.3,15.6,33.3,Normal
31.5,35.1,-3.7,66.7,17.5,32.3,Normal
32.5,36.9,-4.4,25.6,2.9,31.9,Normal
42.4,39.1,3.3,30.4,21.7,43.6,Normal
45.1,39.9,5.2,20.7,22.8,46.5,Heatwave
43.2,35.8,7.5,55.6,21.6,43.1,Severe Heatwave
41.9,38.0,4.0,73.2,21.0,41.5,Normal
42.0,36.9,5.1,60.2,19.1,44.2,Heatwave
38.8,39.8,-1.0,78.9,16.6,39.5,Normal
36.2,39.2,-3.0,23.8,17.6,36.4,Normal
43.2,39.2,4.0,74.2,20.5,44.5,Normal
39.8,37.3,2.5,68.8,17.2,40.1,Normal
38.5,37.1,1.4,38.9,9.5,37.9,Normal
38.7,36.4,2.4,78.4,10.6,38.8,Normal
37.4,35.3,2.1,37.3,22.6,38.5,Normal
44.8,39.3,5.5,73.4,2.4,42.8,Heatwave
44.6,39.1,5.5,72.8,18.1,44.3,Heatwave
42.9,40.0,2.9,65.5,24.0,44.3,Normal
43.9,40.0,4.0,53.8,18.2,43.4,Normal
40.6,37.8,2.8,27.2,24.9,42.1,Normal
38.2,38.8,-0.6,51.9,17.8,39.6,Normal
43.4,39.7,3.6,41.4,2.8,43.3,Normal
35.4,39.2,-3.9,67.5,21.0,34.8,Normal
40.9,36.2,4.7,65.5,8.5,40.6,Heatwave
34.1,37.3,-3.2,74.6,12.3,36.7,Normal
37.6,35.6,2.0,20.9,9.2,39.5,Normal
37.8,39.8,-2.0,68.5,8.2,37.9,Normal
41.0,38.0,2.9,76.3,11.9,40.4,Normal
37.0,36.1,0.9,67.4,10.7,37.1,Normal
33.8,38.4,-4.6,27.8,16.6,34.0,Normal
40.6,38.1,2.5,24.9,20.7,39.3,Normal
35.8,36.8,-1.0,21.3,8.8,35.8,Normal
39.7,35.6,4.1,57.7,6.9,41.0,Normal
39.4,38.4,1.0,57.8,17.3,37.6,Normal
40.0,37.6,2.4,79.2,17.4,40.8,Normal
36.5,38.9,-2.4,43.9,22.7,37.9,Normal
36.5,37.6,-1.1,39.9,2.4,36.0,Normal
38.7,39.3,-0.6,57.5,21.6,40.3,Normal
41.8,37.8,4.0,69.5,14.0,41.1,Normal
44.7,37.8,6.9,76.2,16.3,45.1,Severe Heatwave
37.6,39.4,-1.8,68.2,4.1,37.3,Normal
41.8,37.0,4.8,45.6,12.0,41.5,Heatwave
29.1,35.7,-6.6,58.1,7.2,28.5,Normal
32.0,35.1,-3.2,71.4,7.8,32.7,Normal
36.4,38.8,-2.4,49.4,13.6,37.3,Normal
34.4,38.1,-3.7,33.0,20.7,34.3,Normal
34.0,38.5,-4.5,30.2,19.1,32.6,Normal
38.5,36.1,2.4,20.0,15.6,38.9,Normal
35.9,35.7,0.3,63.1,14.4,36.4,Normal
37.4,35.1,2.3,26.7,11.8,37.2,Normal
40.2,36.8,3.4,34.6,24.4,42.0,Normal
39.9,37.9,1.9,37.9,14.9,38.3,Normal
40.3,37.0,3.3,53.6,7.8,38.0,Normal
37.9,37.2,0.8,43.9,7.3,37.2,Normal
36.4,39.5,-3.2,60.5,16.1,37.1,Normal
41.4,36.7,4.7,23.3,14.0,40.4,Heatwave
36.5,37.6,-1.1,27.4,2.2,35.5,Normal
36.6,38.9,-2.3,50.0,21.1,37.6,Normal
37.4,37.0,0.4,40.2,18.2,37.8,Normal
35.9,38.1,-2.2,37.7,17.2,36.3,Normal
38.9,39.3,-0.5,24.0,3.6,39.6,Normal
42.0,39.7,2.2,73.7,10.3,41.5,Normal
38.0,35.7,2.2,61.5,23.5,37.6,Normal
37.5,39.6,-2.1,27.3,21.8,38.3,Normal
36.8,37.5,-0.7,23.9,8.6,35.4,Normal
41.1,36.3,4.8,78.5,5.6,38.9,Heatwave
40.0,37.3,2.7,60.9,12.3,39.6,Normal
48.2,39.9,8.3,45.0,10.2,49.1,Severe Heatwave
42.6,37.5,5.1,62.1,17.7,42.8,Heatwave
41.6,36.6,5.0,65.4,24.2,42.5,Heatwave
34.3,38.2,-3.9,66.8,10.3,32.3,Normal
39.9,36.2,3.7,48.7,3.4,40.2,Normal
36.2,35.4,0.8,45.8,22.6,36.8,Normal
34.7,35.6,-0.9,20.7,2.9,33.4,Normal
37.2,35.6,1.6,75.6,23.9,38.1,Normal
40.1,35.8,4.3,56.2,17.3,40.0,Normal
38.4,35.7,2.8,32.2,23.7,41.5,Normal
36.1,38.2,-2.1,75.2,6.6,34.0,Normal
39.5,35.9,3.6,74.9,2.9,40.9,Normal
35.5,36.7,-1.2,79.4,13.2,35.1,Normal
41.2,39.5,1.8,72.4,12.4,39.6,Normal
37.3,37.4,-0.1,79.9,9.6,36.8,Normal
38.6,38.3,0.2,34.7,24.0,38.8,Normal
39.5,35.9,3.7,70.5,20.9,40.6,Normal
33.3,36.0,-2.6,69.4,17.2,35.0,Normal
43.0,35.2,7.8,33.9,5.7,44.4,Severe Heatwave
30.5,35.8,-5.4,25.9,18.9,29.5,Normal
35.3,36.4,-1.1,78.8,18.7,36.4,Normal
38.2,35.9,2.3,37.8,11.8,38.6,Normal
38.5,35.4,3.0,72.3,23.3,37.8,Normal
36.3,35.6,0.6,20.2,5.8,36.0,Normal
38.1,37.3,0.8,21.3,8.1,37.4,Normal
38.5,36.0,2.4,48.0,3.5,38.5,Normal
37.0,36.8,0.2,34.3,20.3,36.3,Normal
43.4,37.5,5.9,61.4,16.3,42.4,Heatwave
42.4,38.5,3.9,53.9,9.2,42.9,Normal
39.3,35.2,4.1,24.6,5.8,39.9,Normal
36.6,39.0,-2.4,29.8,2.9,36.4,Normal
38.9,38.1,0.7,43.3,5.8,40.2,Normal
35.4,35.4,-0.1,31.1,12.4,35.1,Normal
36.8,39.4,-2.5,67.5,7.7,36.5,Normal
41.9,39.6,2.3,45.0,8.0,42.5,Normal
34.4,35.3,-0.9,25.6,22.1,34.3,Normal
39.7,36.4,3.3,49.1,13.8,39.8,Normal
36.3,39.0,-2.7,25.5,18.8,33.8,Normal
45.8,38.7,7.0,27.7,2.8,45.8,Severe Heatwave
33.8,35.9,-2.1,34.4,10.4,32.0,Normal
37.8,36.0,1.8,71.6,13.0,36.6,Normal
40.6,36.9,3.8,75.5,6.3,39.3,Normal
36.4,37.4,-1.0,69.6,4.8,35.4,Normal
42.1,38.1,4.0,40.0,22.0,41.5,Normal
33.5,36.8,-3.3,36.3,23.6,33.1,Normal
43.4,37.3,6.1,52.9,3.8,44.1,Heatwave
39.8,38.7,1.0,63.3,10.0,40.0,Normal
34.1,35.2,-1.1,79.6,24.0,32.2,Normal
36.2,36.3,-0.0,27.9,3.9,36.3,Normal
42.4,38.6,3.8,23.0,16.8,42.7,Normal
38.4,39.5,-1.0,61.7,24.4,38.1,Normal
35.9,37.6,-1.6,69.9,24.5,35.9,Normal
37.9,37.7,0.2,70.8,12.8,38.1,Normal
32.4,35.5,-3.1,60.7,5.7,33.2,Normal
44.6,37.2,7.4,77.2,6.6,43.0,Severe Heatwave
36.7,37.7,-1.0,50.7,22.5,36.4,Normal
40.1,36.2,3.9,74.8,23.0,41.6,Normal
38.1,36.3,1.7,78.1,16.0,39.5,Normal
34.4,36.9,-2.4,70.8,19.6,35.3,Normal
36.1,35.1,1.0,38.6,19.0,36.6,Normal
40.4,36.6,3.7,31.8,17.2,42.0,Normal
36.4,36.1,0.3,52.9,21.0,38.3,Normal
41.8,36.6,5.2,47.2,17.8,41.7,Heatwave
40.2,35.6,4.6,72.7,14.3,39.2,Heatwave
43.7,39.5,4.2,26.0,7.4,43.4,Normal
37.4,38.0,-0.6,35.5,19.1,40.5,Normal
35.6,38.4,-2.8,65.1,12.9,34.0,Normal
37.8,38.9,-1.1,25.7,8.8,37.3,Normal
39.2,37.5,1.7,39.2,20.4,37.8,Normal
38.3,35.4,2.9,43.2,18.0,38.5,Normal
31.1,37.7,-6.6,57.4,23.6,29.9,Normal
38.9,37.9,1.0,29.5,5.8,38.8,Normal
40.3,38.7,1.6,71.6,16.9,38.3,Normal
37.2,37.2,0.0,46.9,7.6,37.8,Normal
41.2,35.6,5.5,75.0,22.8,42.4,Heatwave
38.9,36.4,2.5,48.1,4.3,38.5,Normal
42.4,36.8,5.6,36.5,17.1,42.3,Heatwave
38.5,38.2,0.2,28.5,20.2,38.3,Normal
42.1,37.9,4.3,20.2,10.2,42.3,Normal
43.5,36.8,6.7,51.9,23.9,43.5,Severe Heatwave
45.5,39.9,5.6,26.4,21.6,46.3,Heatwave
35.2,38.0,-2.8,43.5,8.8,36.4,Normal
36.3,36.2,0.1,55.4,2.2,35.5,Normal
35.3,35.5,-0.2,36.5,8.8,35.0,Normal
38.5,35.8,2.7,30.5,8.5,39.4,Normal
39.6,36.2,3.4,66.5,22.5,38.2,Normal
33.9,35.8,-1.9,76.8,24.2,31.9,Normal
37.2,35.9,1.2,26.0,3.6,37.4,Normal
30.4,36.4,-6.1,29.3,12.8,30.9,Normal
41.9,35.9,6.0,77.6,14.6,41.2,Heatwave
38.7,39.5,-0.8,22.3,4.1,38.1,Normal
36.6,35.4,1.2,78.7,10.7,35.8,Normal
37.5,37.6,-0.1,20.3,9.3,36.7,Normal
42.1,37.1,5.0,72.4,14.3,42.8,Heatwave
31.0,39.9,-8.9,38.4,17.2,29.8,Normal
36.5,35.6,0.9,76.3,18.2,36.2,Normal
37.6,37.0,0.6,39.0,5.1,36.7,Normal
39.3,39.8,-0.6,59.3,20.7,37.8,Normal
46.4,39.3,7.0,24.8,17.6,47.2,Severe Heatwave
37.0,39.1,-2.1,34.5,22.4,36.5,Normal
40.0,36.3,3.7,66.4,12.3,40.2,Normal
38.1,35.9,2.2,51.7,22.6,36.6,Normal
43.8,38.3,5.4,75.7,21.9,43.0,Heatwave
38.3,39.6,-1.3,45.7,12.1,39.1,Normal
36.2,37.8,-1.6,72.2,10.8,38.8,Normal
42.7,37.9,4.8,46.9,23.5,40.7,Heatwave
38.9,36.4,2.5,78.8,18.4,38.7,Normal
34.4,38.8,-4.4,77.6,23.3,34.9,Normal
35.0,35.9,-0.9,39.7,20.3,34.4,Normal
39.0,36.6,2.4,73.2,16.0,39.8,Normal
41.1,37.1,3.9,70.9,4.7,40.2,Normal
36.2,37.5,-1.4,32.6,8.7,36.3,Normal
27.0,36.2,-9.2,57.5,24.3,26.5,Normal
38.4,35.6,2.8,24.4,9.3,39.6,Normal
34.8,38.1,-3.3,70.2,4.1,34.1,Normal
30.4,36.4,-6.1,30.5,18.3,30.0,Normal
29.0,37.9,-8.9,24.2,18.9,29.9,Normal
39.6,35.8,3.8,44.0,8.6,38.6,Normal
38.9,37.4,1.5,54.6,8.8,38.9,Normal
37.9,37.7,0.2,71.3,12.8,36.1,Normal
41.1,35.3,5.9,78.5,2.5,40.0,Heatwave
39.9,36.7,3.2,46.4,20.2,40.3,Normal
42.3,35.7,6.7,23.6,9.3,41.3,Severe Heatwave
31.4,35.3,-3.9,64.9,21.6,30.9,Normal
40.8,39.9,0.9,53.9,20.5,41.3,Normal
32.0,36.6,-4.7,46.9,17.2,31.4,Normal
39.2,39.0,0.2,38.6,9.5,40.1,Normal
36.4,36.3,0.1,50.1,13.9,36.6,Normal
41.6,38.4,3.2,40.3,12.2,42.0,Normal
40.0,38.8,1.2,65.4,9.8,41.2,Normal
41.2,38.0,3.2,52.6,21.5,41.5,Normal
40.8,37.4,3.5,72.6,13.1,42.4,Normal
45.6,37.1,8.5,52.6,21.2,46.5,Severe Heatwave
36.6,36.7,-0.1,34.3,4.4,36.1,Normal
37.4,39.6,-2.3,71.1,5.2,38.6,Normal
41.0,39.2,1.9,53.4,24.5,41.3,Normal
38.0,39.8,-1.8,32.4,15.5,37.6,Normal
41.8,35.6,6.2,57.4,13.7,42.1,Heatwave
38.7,38.7,0.0,41.5,14.0,39.8,Normal
38.7,39.7,-1.0,70.7,7.0,39.2,Normal
35.3,35.9,-0.6,47.2,18.5,37.1,Normal
38.8,35.3,3.5,63.6,3.9,39.9,Normal
39.2,38.7,0.4,25.7,15.2,39.7,Normal
36.6,37.9,-1.2,43.8,15.1,35.6,Normal
46.0,39.2,6.8,79.0,23.0,45.9,Severe Heatwave
33.7,35.7,-2.0,68.5,14.1,33.8,Normal
40.1,39.0,1.1,29.6,5.2,40.8,Normal
39.3,36.0,3.3,36.7,15.2,39.9,Normal
31.1,35.8,-4.7,39.8,4.1,31.3,Normal
38.5,35.8,2.7,59.0,6.7,38.6,Normal
36.4,39.1,-2.7,65.4,2.7,37.1,Normal
42.2,38.3,3.9,65.0,13.8,41.3,Normal
35.2,37.6,-2.4,50.6,3.9,36.9,Normal
40.2,36.8,3.4,68.6,12.8,38.2,Normal
44.3,39.4,4.9,46.2,23.5,45.7,Heatwave
41.0,37.0,4.0,27.4,18.6,40.9,Normal
41.0,39.1,1.9,53.9,3.8,42.0,Normal
37.4,37.2,0.2,77.1,7.2,37.7,Normal
35.9,36.9,-1.0,67.6,17.5,36.2,Normal
43.5,37.3,6.1,54.7,22.6,44.0,Heatwave
35.1,36.5,-1.4,58.8,2.8,35.9,Normal
36.1,38.7,-2.6,75.8,20.7,35.8,Normal
40.8,37.5,3.3,45.7,14.9,41.9,Normal
34.4,36.2,-1.8,39.9,14.6,33.3,Normal
37.2,39.5,-2.3,78.6,24.0,37.2,Normal
32.9,36.9,-4.1,71.8,19.2,33.7,Normal
37.0,37.7,-0.7,39.4,21.6,38.0,Normal
40.2,39.5,0.7,47.8,10.1,40.7,Normal
40.0,38.1,1.9,44.9,14.8,39.6,Normal
39.9,35.6,4.3,28.9,16.2,40.8,Normal
42.5,39.7,2.8,77.5,9.4,41.9,Normal
38.5,38.1,0.3,44.3,15.1,40.2,Normal
37.0,36.7,0.3,72.5,7.4,36.9,Normal
38.5,35.7,2.8,31.4,5.3,36.9,Normal
44.4,39.0,5.5,52.9,10.6,43.2,Heatwave
39.5,38.1,1.4,21.4,19.0,39.6,Normal
37.0,37.7,-0.6,65.9,23.1,37.2,Normal
37.0,39.5,-2.5,54.9,12.5,39.0,Normal
34.9,38.9,-4.1,57.5,16.8,33.8,Normal
39.1,35.8,3.3,23.1,4.4,39.1,Normal
39.6,36.6,3.0,32.7,22.8,38.5,Normal
39.3,36.2,3.0,24.5,15.1,38.8,Normal
39.3,38.7,0.5,37.3,19.9,41.0,Normal
41.1,35.2,5.9,57.6,20.3,40.0,Heatwave
37.2,37.8,-0.7,54.0,7.9,37.7,Normal
43.2,38.8,4.3,56.7,14.2,43.5,Normal
40.2,39.4,0.9,53.0,24.1,40.2,Normal
35.6,36.7,-1.1,36.4,4.1,36.1,Normal
42.2,39.1,3.1,34.7,17.7,41.0,Normal
38.0,35.6,2.4,28.2,24.1,39.6,Normal
41.5,39.2,2.2,70.9,8.9,43.4,Normal
36.9,35.6,1.3,57.0,21.8,37.0,Normal
37.9,37.0,0.9,31.2,23.5,40.3,Normal
48.3,39.0,9.4,30.6,19.2,47.9,Severe Heatwave
40.9,35.7,5.1,72.4,7.3,41.3,Heatwave
39.7,36.1,3.5,64.6,9.7,41.1,Normal
40.0,38.6,1.4,59.6,2.8,39.5,Normal
43.1,38.6,4.5,44.4,21.1,41.7,Heatwave
41.0,38.2,2.8,35.7,21.5,39.4,Normal
39.6,38.5,1.1,78.8,16.6,41.6,Normal
37.7,37.7,-0.1,67.8,10.1,37.1,Normal
37.0,36.3,0.7,38.1,3.8,36.8,Normal
26.6,36.7,-10.1,70.9,19.3,25.5,Normal
37.6,35.9,1.7,65.5,18.7,38.6,Normal
38.8,39.5,-0.7,37.8,23.0,38.1,Normal
44.5,37.9,6.6,45.6,18.8,44.0,Severe Heatwave
38.1,37.0,1.1,31.2,21.1,38.4,Normal
34.1,37.3,-3.2,26.7,19.2,33.1,Normal
40.6,39.7,0.8,63.4,16.5,40.4,Normal
33.1,35.8,-2.7,36.1,11.8,34.5,Normal
40.6,37.9,2.7,69.2,22.7,41.0,Normal
39.5,37.5,2.0,79.7,17.0,39.7,Normal
42.4,38.1,4.4,24.6,11.2,42.6,Normal
33.3,35.1,-1.8,48.4,3.9,32.9,Normal
40.5,39.4,1.1,68.1,8.7,42.5,Normal
35.9,39.7,-3.8,67.3,14.5,35.1,Normal
41.3,37.8,3.5,65.6,8.3,41.5,Normal
41.3,38.5,2.8,40.9,7.1,41.4,Normal
42.3,39.6,2.7,47.2,14.1,43.4,Normal
39.5,38.5,1.0,55.7,5.9,40.6,Normal
38.2,35.8,2.5,78.4,20.4,38.2,Normal
44.5,37.9,6.6,39.7,13.1,44.8,Severe Heatwave
38.0,38.0,0.0,75.4,15.2,38.4,Normal
38.6,37.1,1.5,36.2,5.4,36.3,Normal
35.9,38.7,-2.8,79.3,9.5,34.3,Normal
37.6,39.7,-2.0,60.2,11.4,37.0,Normal
41.0,39.6,1.3,47.8,20.6,40.4,Normal
42.1,37.3,4.9,56.8,19.7,40.9,Heatwave
35.7,35.6,0.1,36.4,7.1,36.4,Normal
40.1,39.9,0.2,36.5,16.2,40.1,Normal
38.8,39.2,-0.4,26.8,7.6,38.6,Normal
34.8,35.6,-0.9,26.8,24.7,33.5,Normal
41.6,39.6,2.0,40.9,23.9,41.6,Normal
35.1,39.3,-4.2,65.8,15.0,32.5,Normal
43.1,37.6,5.5,56.5,18.1,42.9,Heatwave
36.6,38.0,-1.3,26.2,20.4,36.7,Normal
40.5,37.0,3.5,71.1,18.6,40.8,Normal
31.8,35.3,-3.4,56.1,18.1,30.3,Normal
40.0,36.7,3.3,77.7,24.0,40.2,Normal
42.4,39.0,3.4,60.2,15.7,41.3,Normal
37.4,35.0,2.3,30.5,16.6,36.6,Normal
34.2,36.7,-2.5,48.4,21.5,34.9,Normal
38.9,37.0,1.9,58.9,17.4,40.9,Normal
34.5,37.7,-3.1,21.7,18.9,34.6,Normal
39.7,39.6,0.1,20.9,7.4,38.9,Normal
41.3,36.7,4.6,27.8,10.5,41.5,Heatwave
40.5,36.7,3.8,35.1,5.4,41.5,Normal
39.7,38.7,1.1,45.8,13.6,40.4,Normal
34.8,37.3,-2.4,49.2,12.5,37.6,Normal
39.4,36.1,3.3,28.3,24.9,38.7,Normal
38.3,37.3,1.1,60.4,16.1,38.6,Normal
28.6,35.7,-7.1,55.8,20.1,30.1,Normal
39.6,35.9,3.7,37.7,9.7,41.1,Normal
38.4,37.5,0.9,20.8,21.1,36.5,Normal
42.3,37.1,5.2,24.7,16.1,42.3,Heatwave
36.7,39.6,-2.8,43.5,18.0,38.2,Normal
26.7,36.8,-10.1,29.2,8.8,29.6,Normal
39.9,37.9,2.0,42.6,14.6,40.6,Normal
40.2,38.2,2.0,57.7,16.6,39.8,Normal
30.1,35.1,-4.9,52.8,15.5,29.1,Normal
35.9,38.3,-2.4,33.9,23.0,38.1,Normal
46.5,35.9,10.6,40.6,22.7,47.3,Severe Heatwave
39.7,39.8,-0.1,56.8,24.3,38.9,Normal
39.3,35.7,3.6,71.7,17.4,39.1,Normal
35.8,37.1,-1.3,65.2,24.4,36.1,Normal
29.1,35.4,-6.3,53.2,21.1,29.7,Normal
40.4,40.0,0.4,41.7,8.2,39.5,Normal
37.6,37.5,0.1,41.9,11.8,37.0,Normal
37.6,38.0,-0.4,72.8,7.5,35.9,Normal
35.9,35.3,0.6,22.4,2.1,37.0,Normal
40.7,38.7,1.9,79.3,6.3,40.3,Normal
36.5,36.0,0.5,59.9,2.1,37.0,Normal
36.1,39.5,-3.4,60.9,18.6,37.5,Normal
38.7,36.0,2.7,22.3,11.8,38.9,Normal
30.1,36.0,-5.8,56.3,9.2,30.0,Normal
29.0,35.2,-6.2,49.1,19.5,29.2,Normal
40.9,37.4,3.6,26.3,21.1,41.0,Normal
40.6,37.8,2.8,36.7,24.4,41.8,Normal
36.1,35.3,0.8,73.4,16.8,36.4,Normal
35.0,38.9,-3.9,53.0,12.6,34.4,Normal
35.8,37.3,-1.5,44.8,9.0,36.8,Normal
37.7,37.6,0.1,24.4,7.1,38.9,Normal
32.6,37.2,-4.6,62.8,6.9,31.3,Normal
35.4,37.0,-1.6,62.2,11.4,36.9,Normal
41.1,37.8,3.3,56.8,24.8,41.4,Normal
41.8,35.8,6.0,50.6,2.0,42.1,Heatwave
35.4,35.9,-0.5,46.0,6.5,36.4,Normal
43.0,39.3,3.6,55.6,6.3,42.4,Normal
34.0,39.7,-5.7,34.0,18.5,35.0,Normal
40.2,36.9,3.3,76.5,10.1,39.8,Normal
34.5,36.4,-1.8,55.3,12.5,33.1,Normal
40.3,38.2,2.1,38.7,5.4,39.3,Normal
37.2,37.0,0.1,47.0,11.3,37.7,Normal
40.7,35.1,5.6,68.3,4.4,39.8,Heatwave
33.7,35.8,-2.1,29.7,14.3,35.3,Normal
41.8,38.6,3.2,37.6,4.3,43.0,Normal
38.3,38.3,0.0,60.8,20.2,39.6,Normal
35.6,35.1,0.4,38.9,15.0,35.7,Normal
36.5,36.1,0.4,67.6,18.7,36.7,Normal
34.2,36.2,-2.0,27.8,11.6,33.0,Normal
39.3,38.4,1.0,65.8,10.8,40.3,Normal
35.9,35.1,0.8,24.1,4.3,36.3,Normal
37.4,35.5,1.8,20.8,14.0,37.9,Normal
40.3,39.0,1.3,73.9,13.8,42.0,Normal
39.7,35.9,3.8,54.9,12.8,39.1,Normal
42.5,38.3,4.2,41.1,19.0,42.4,Normal
33.5,36.2,-2.7,34.0,21.1,33.8,Normal
39.5,35.5,4.0,57.0,19.3,38.6,Normal
33.1,36.2,-3.2,50.5,5.3,32.9,Normal
41.7,38.6,3.1,79.5,16.3,42.2,Normal
42.4,39.3,3.2,79.0,3.8,42.1,Normal
33.5,39.2,-5.7,58.1,18.0,34.8,Normal
38.3,37.0,1.3,46.6,10.8,36.8,Normal
37.7,38.3,-0.6,49.5,5.0,38.8,Normal
34.4,36.0,-1.7,60.9,21.8,35.0,Normal
42.2,36.5,5.7,26.1,16.1,41.6,Heatwave
38.2,39.5,-1.3,39.7,10.2,37.3,Normal
33.2,35.1,-1.8,24.5,2.7,31.2,Normal
36.7,35.4,1.3,24.4,14.4,35.9,Normal
39.4,36.0,3.4,31.8,23.2,40.5,Normal
35.6,35.1,0.5,49.1,15.7,35.6,Normal
41.0,35.9,5.1,67.1,24.3,42.2,Heatwave
40.8,37.9,2.9,49.1,5.1,40.2,Normal
30.5,37.1,-6.6,40.1,15.1,31.2,Normal
38.6,39.5,-0.9,24.9,20.4,37.9,Normal
38.1,39.1,-1.0,53.0,14.1,37.2,Normal
39.4,36.7,2.7,36.3,4.1,39.3,Normal
28.1,36.3,-8.2,56.9,15.4,27.4,Normal
46.8,36.9,9.9,78.6,16.1,45.3,Severe Heatwave
40.8,38.0,2.9,26.7,18.8,40.6,Normal
37.9,36.3,1.5,32.7,19.5,38.0,Normal
43.3,38.1,5.1,48.4,19.7,44.5,Heatwave
46.2,37.0,9.2,78.1,17.3,47.2,Severe Heatwave
41.8,37.8,4.0,66.3,7.0,43.0,Normal
41.5,37.2,4.3,73.9,11.3,42.2,Normal
37.9,36.5,1.5,40.0,19.9,38.3,Normal
40.2,39.7,0.5,79.5,23.9,39.0,Normal
38.2,38.8,-0.7,26.2,3.8,38.3,Normal
33.8,35.7,-1.9,23.2,14.3,34.4,Normal
37.9,39.3,-1.4,71.3,9.2,39.4,Normal
33.7,37.4,-3.7,75.6,7.2,34.4,Normal
40.2,39.5,0.7,25.4,13.6,41.4,Normal
34.1,39.0,-4.9,26.8,15.9,33.1,Normal
38.8,37.1,1.7,22.0,2.2,38.5,Normal
36.0,35.1,0.9,26.3,19.9,36.4,Normal
37.9,36.3,1.5,32.6,20.9,39.0,Normal
36.9,37.7,-0.8,78.2,24.2,36.7,Normal
49.9,38.2,11.8,60.1,6.2,49.9,Severe Heatwave
42.0,36.3,5.8,66.7,15.7,42.7,Heatwave
32.3,35.7,-3.4,66.6,11.8,31.2,Normal
41.0,39.2,1.8,52.1,9.7,42.6,Normal
38.8,39.9,-1.1,67.8,15.0,37.9,Normal
35.1,37.6,-2.6,55.7,20.0,33.2,Normal
32.2,35.9,-3.7,38.9,2.5,32.2,Normal
38.9,36.4,2.5,53.7,24.3,40.6,Normal
33.7,35.1,-1.4,52.0,20.6,34.3,Normal
44.0,39.6,4.4,69.4,19.3,44.7,Normal
40.1,35.6,4.5,78.9,19.5,40.1,Normal
43.7,37.9,5.8,44.7,10.9,43.5,Heatwave
34.4,36.4,-2.0,65.8,19.3,32.8,Normal
40.4,37.8,2.7,26.0,10.9,38.2,Normal
41.5,38.3,3.2,66.6,22.7,41.7,Normal
38.5,39.1,-0.7,42.3,6.1,39.8,Normal
34.3,36.0,-1.7,22.4,8.7,34.7,Normal
41.7,35.1,6.6,41.8,14.7,42.3,Severe Heatwave
37.5,35.7,1.8,56.6,9.3,39.1,Normal
42.7,39.5,3.2,27.2,11.8,43.1,Normal
37.5,39.4,-1.9,75.4,13.3,37.4,Normal
34.7,38.0,-3.3,24.7,21.7,33.9,Normal
37.0,38.0,-1.0,75.8,14.0,39.0,Normal
38.9,38.3,0.6,62.4,10.3,39.4,Normal
33.2,35.9,-2.7,39.8,7.7,32.2,Normal
40.5,39.6,1.0,43.4,11.4,39.4,Normal
32.2,37.1,-4.9,64.4,13.9,33.4,Normal
34.0,36.9,-2.9,56.1,19.2,33.0,Normal
40.9,37.6,3.3,60.3,4.8,42.8,Normal
38.3,35.2,3.1,43.3,7.1,35.6,Normal
35.5,35.8,-0.4,49.3,10.7,36.9,Normal
36.1,38.7,-2.6,79.4,10.3,36.6,Normal
32.8,35.4,-2.6,32.8,11.0,32.9,Normal
37.7,38.0,-0.3,45.1,20.3,37.5,Normal
39.5,36.2,3.3,37.5,9.5,41.4,Normal
41.2,36.9,4.2,65.9,13.5,41.9,Normal
35.7,36.4,-0.7,65.8,16.3,34.8,Normal
33.7,36.8,-3.0,37.5,7.3,32.0,Normal
40.5,38.6,1.9,24.9,18.5,40.7,Normal
34.6,36.5,-1.9,20.7,14.6,34.6,Normal
37.0,37.8,-0.8,45.6,12.3,35.5,Normal
43.0,37.4,5.6,44.6,20.6,43.0,Heatwave
42.2,38.3,3.9,79.3,7.6,41.6,Normal
41.2,39.7,1.6,48.2,22.3,41.2,Normal
35.2,38.7,-3.5,35.4,14.9,35.9,Normal
37.8,36.1,1.7,73.5,16.0,39.3,Normal
39.9,35.2,4.7,49.5,22.1,40.8,Normal
36.0,36.3,-0.3,56.0,20.8,35.3,Normal
43.7,38.0,5.7,25.7,15.8,44.1,Heatwave
40.8,35.3,5.5,43.0,19.3,40.8,Heatwave
44.3,37.5,6.8,76.7,12.0,43.0,Severe Heatwave
40.1,38.0,2.1,55.4,14.6,40.5,Normal
39.7,36.7,3.1,40.7,3.4,41.6,Normal
44.8,38.9,5.9,57.5,4.1,44.8,Heatwave
38.1,35.5,2.6,74.6,21.1,36.5,Normal
34.6,35.4,-0.8,36.4,3.4,34.7,Normal
38.1,38.6,-0.6,50.3,5.9,36.9,Normal
39.3,37.5,1.8,77.5,20.3,40.2,Normal
34.9,38.4,-3.5,30.3,2.0,35.4,Normal
37.7,37.2,0.5,63.2,8.5,37.5,Normal
41.1,36.2,4.8,56.9,15.4,40.7,Heatwave
32.4,39.1,-6.7,60.8,15.7,32.2,Normal
45.4,39.0,6.4,41.1,19.9,45.4,Heatwave
43.4,38.5,4.9,38.8,13.6,42.6,Heatwave
35.8,36.4,-0.6,61.1,13.7,34.4,Normal
40.9,38.0,2.9,32.9,18.7,42.0,Normal
37.8,36.8,1.0,45.2,13.5,37.4,Normal
40.8,35.5,5.3,31.3,16.0,40.9,Heatwave
44.0,39.6,4.4,20.5,22.6,44.3,Normal
31.8,35.7,-3.9,78.2,11.2,32.1,Normal
42.8,39.8,3.1,45.9,10.9,41.6,Normal
37.5,37.2,0.3,78.2,2.1,35.8,Normal
37.2,35.9,1.3,28.4,16.1,36.6,Normal
36.2,37.7,-1.5,55.2,2.7,36.6,Normal
46.5,39.4,7.1,32.1,13.6,45.8,Severe Heatwave
43.3,38.7,4.6,67.4,20.5,42.9,Heatwave
37.4,39.0,-1.6,67.0,14.6,39.6,Normal
34.6,38.3,-3.7,26.8,8.2,32.8,Normal
38.1,38.5,-0.3,74.7,20.1,37.4,Normal
41.8,39.2,2.5,31.7,8.2,43.7,Normal
38.1,36.2,1.8,56.8,18.9,38.0,Normal
42.8,37.4,5.4,79.1,16.0,42.1,Heatwave
39.9,36.1,3.8,72.9,5.9,41.0,Normal
44.3,39.9,4.4,77.4,22.8,44.4,Normal
41.9,39.7,2.1,40.6,6.6,41.5,Normal
31.3,35.2,-3.9,26.3,24.8,31.5,Normal
38.8,38.5,0.3,31.3,2.2,38.2,Normal
44.3,39.6,4.7,50.0,8.1,43.3,Heatwave
36.7,35.9,0.8,67.6,6.6,36.6,Normal
40.6,37.8,2.8,29.0,2.3,39.6,Normal
39.5,39.6,-0.1,59.6,18.8,39.5,Normal
32.6,35.2,-2.6,39.4,17.9,32.9,Normal
39.1,38.5,0.6,40.5,20.2,39.9,Normal
38.6,36.5,2.1,59.7,7.9,39.7,Normal
38.3,39.6,-1.3,48.0,12.2,37.9,Normal
40.0,39.9,0.2,68.7,17.2,40.5,Normal
37.4,39.7,-2.3,29.4,12.1,37.9,Normal
42.3,37.4,4.9,67.4,18.0,42.6,Heatwave
39.3,39.3,-0.0,23.9,16.6,38.8,Normal
45.3,39.2,6.1,31.6,4.6,44.3,Heatwave
42.9,36.6,6.4,59.4,20.0,43.4,Heatwave
39.9,39.1,0.7,71.3,18.6,38.2,Normal
32.7,35.2,-2.5,35.2,17.1,32.4,Normal
31.7,38.0,-6.3,39.6,5.6,29.1,Normal
32.0,36.2,-4.2,52.2,8.2,30.7,Normal
31.8,35.6,-3.8,32.7,11.0,30.9,Normal
41.2,35.4,5.8,68.7,8.4,42.3,Heatwave
39.9,38.5,1.4,66.4,7.2,40.6,Normal
39.1,36.7,2.4,28.7,20.5,38.5,Normal
31.9,38.6,-6.8,47.8,16.7,32.6,Normal
32.1,35.3,-3.2,66.5,15.0,33.0,Normal
40.7,36.6,4.1,40.2,7.2,40.5,Normal
39.7,37.7,2.0,58.0,23.1,38.3,Normal
39.4,39.0,0.5,23.0,6.4,39.2,Normal
39.6,36.6,3.0,56.5,20.3,39.5,Normal
44.9,38.1,6.7,29.2,24.2,43.6,Severe Heatwave
39.7,39.4,0.2,69.8,18.7,40.0,Normal
39.3,38.1,1.2,41.3,24.8,39.6,Normal
37.8,36.2,1.7,36.9,17.0,38.3,Normal
44.5,35.1,9.4,70.5,7.0,44.8,Severe Heatwave
33.0,39.4,-6.3,23.0,6.7,33.7,Normal
38.5,35.1,3.4,43.8,9.5,38.3,Normal
40.0,39.4,0.6,42.2,2.2,40.2,Normal
40.6,37.6,3.0,37.1,17.7,40.2,Normal
38.4,39.7,-1.3,74.7,8.2,37.8,Normal
39.8,39.0,0.8,65.1,20.7,41.2,Normal
43.5,40.0,3.5,23.8,10.3,41.4,Normal
48.6,36.8,11.9,62.9,13.0,49.5,Severe Heatwave
42.7,38.8,3.8,51.6,24.2,42.0,Normal
35.0,37.0,-2.0,74.1,7.6,34.3,Normal
36.9,37.4,-0.5,38.8,18.6,37.2,Normal
37.6,38.1,-0.6,54.4,19.4,36.1,Normal
34.1,39.4,-5.3,50.0,7.1,33.3,Normal
39.8,39.9,-0.2,49.4,13.5,38.9,Normal
42.4,38.8,3.6,47.4,10.1,42.2,Normal
33.6,37.1,-3.5,32.3,19.8,32.8,Normal
41.8,37.1,4.7,65.3,16.3,43.4,Heatwave
41.4,38.7,2.7,47.1,12.9,43.2,Normal
34.6,36.2,-1.6,77.5,19.9,32.6,Normal
36.1,35.6,0.5,35.6,7.4,36.6,Normal
43.4,36.8,6.6,61.0,19.3,44.2,Severe Heatwave
40.0,36.4,3.6,76.4,21.9,40.5,Normal
37.5,36.5,1.0,59.8,22.2,36.9,Normal
36.3,36.2,0.2,72.3,20.0,36.1,Normal
36.5,35.2,1.3,69.6,11.4,35.7,Normal
34.3,35.1,-0.8,41.6,24.6,33.9,Normal
33.6,39.9,-6.4,56.0,10.7,32.4,Normal
45.3,37.1,8.1,29.4,16.7,45.2,Severe Heatwave
38.5,36.9,1.5,52.1,5.7,37.0,Normal
40.8,38.4,2.4,33.8,24.6,40.6,Normal
36.9,36.1,0.8,64.6,18.2,35.6,Normal
38.2,39.7,-1.6,51.7,19.3,38.4,Normal
39.3,38.9,0.3,44.7,3.5,38.6,Normal
30.8,35.4,-4.6,36.1,19.6,31.1,Normal
46.1,37.1,9.0,79.9,19.8,47.1,Severe Heatwave
36.1,39.4,-3.3,24.3,17.5,37.7,Normal
37.1,39.7,-2.6,22.6,8.7,34.6,Normal
36.8,37.3,-0.5,33.0,13.3,36.0,Normal
43.6,38.1,5.5,78.3,4.5,43.3,Heatwave
36.9,35.8,1.1,78.8,12.8,37.3,Normal
36.6,40.0,-3.3,59.3,7.6,35.0,Normal
41.5,36.2,5.4,72.8,10.0,40.6,Heatwave
43.3,39.7,3.6,32.8,5.7,43.4,Normal
41.1,38.2,2.9,78.3,7.3,41.2,Normal
41.5,38.0,3.5,28.6,3.8,41.9,Normal
46.9,37.6,9.4,26.1,23.2,47.4,Severe Heatwave
44.8,36.2,8.6,26.7,14.2,45.1,Severe Heatwave
34.5,35.9,-1.4,54.4,11.1,34.7,Normal
42.8,36.1,6.7,66.9,14.3,42.8,Severe Heatwave
38.3,35.9,2.3,42.0,16.5,38.9,Normal
41.6,38.9,2.7,78.7,23.2,39.4,Normal
31.8,36.8,-4.9,46.1,6.1,33.4,Normal
35.7,35.3,0.4,29.0,8.8,33.5,Normal
38.0,39.8,-1.8,48.0,24.4,36.9,Normal
43.3,39.4,3.9,60.7,10.5,43.1,Normal
44.4,39.6,4.7,69.9,2.5,45.1,Heatwave
33.7,40.0,-6.3,47.5,5.4,30.7,Normal
36.8,35.9,0.9,55.6,2.6,36.8,Normal
41.9,37.0,4.9,36.0,24.8,42.7,Heatwave
39.1,38.8,0.3,58.8,8.4,40.1,Normal
42.0,38.5,3.6,79.2,23.2,41.3,Normal
38.0,35.8,2.2,22.9,24.9,37.7,Normal
41.3,39.1,2.2,73.2,15.8,40.7,Normal
36.2,36.1,0.1,53.7,2.8,35.8,Normal
32.9,36.1,-3.3,35.1,3.9,31.8,Normal
34.8,37.7,-2.9,77.3,13.1,33.9,Normal
41.4,38.0,3.5,49.0,11.3,41.9,Normal
39.0,37.9,1.1,39.9,15.9,39.1,Normal
36.0,35.5,0.5,30.9,12.1,36.5,Normal
38.9,39.4,-0.5,34.7,23.5,39.1,Normal
36.3,36.3,-0.1,70.0,14.3,37.0,Normal
40.3,35.6,4.7,56.9,18.0,41.2,Heatwave
39.3,39.4,-0.2,74.8,22.6,37.5,Normal
36.1,39.8,-3.7,33.9,5.4,35.2,Normal
42.9,39.3,3.6,27.3,7.3,42.7,Normal
39.3,39.0,0.3,20.4,4.5,39.3,Normal
39.4,38.3,1.1,50.5,5.2,38.7,Normal
44.4,37.8,6.6,79.9,13.8,45.3,Severe Heatwave
36.4,35.4,0.9,61.7,9.4,38.3,Normal
39.1,37.0,2.0,38.5,11.7,39.2,Normal
33.7,36.9,-3.1,72.6,24.6,33.8,Normal
36.5,36.3,0.2,66.9,5.6,37.4,Normal
41.8,38.6,3.1,20.9,14.4,39.9,Normal
33.0,37.5,-4.4,69.0,4.3,33.1,Normal
37.1,35.4,1.7,38.0,9.3,38.1,Normal
37.5,36.1,1.4,29.0,14.1,36.8,Normal
39.6,38.4,1.1,33.6,23.8,38.3,Normal
40.0,35.4,4.6,48.1,11.0,39.8,Heatwave
41.4,39.3,2.2,45.5,3.5,41.4,Normal
43.6,37.5,6.2,37.3,10.9,42.7,Heatwave
34.9,37.4,-2.5,30.3,5.4,37.0,Normal
39.4,38.0,1.5,65.7,7.3,39.0,Normal
40.4,39.1,1.3,79.4,16.2,39.3,Normal
34.0,36.7,-2.7,66.7,3.6,33.9,Normal
42.7,38.4,4.3,37.8,12.7,43.6,Normal
47.0,37.8,9.1,34.7,16.0,47.0,Severe Heatwave
37.3,36.3,0.9,33.1,11.7,37.8,Normal
42.2,39.4,2.8,28.2,2.4,41.3,Normal
40.3,39.0,1.3,53.1,24.7,41.8,Normal
36.8,38.3,-1.5,56.3,10.4,37.4,Normal
33.9,39.3,-5.4,62.3,19.9,34.9,Normal
37.9,39.3,-1.5,60.8,9.5,38.2,Normal
34.7,38.5,-3.9,37.5,12.9,35.5,Normal
46.1,39.2,7.0,39.8,10.9,45.3,Severe Heatwave
39.1,38.5,0.6,60.9,9.9,38.6,Normal
38.2,38.4,-0.2,41.0,2.5,39.5,Normal
42.2,38.1,4.1,32.8,10.3,43.8,Normal
35.8,38.8,-2.9,42.5,22.5,34.7,Normal
34.1,35.8,-1.7,36.3,17.9,34.4,Normal
40.6,39.4,1.2,25.3,5.3,40.2,Normal
44.0,39.4,4.6,69.8,15.6,43.3,Heatwave
37.9,35.1,2.8,71.2,22.5,38.2,Normal
41.0,39.1,1.9,33.2,18.1,42.1,Normal
36.9,35.6,1.3,23.9,5.4,37.4,Normal
39.1,36.7,2.4,64.3,22.0,38.8,Normal
40.4,38.7,1.7,32.7,8.9,40.9,Normal
33.2,35.8,-2.6,43.6,12.4,32.8,Normal
40.3,39.1,1.2,23.8,14.1,40.7,Normal
36.4,39.2,-2.8,33.6,21.6,37.8,Normal
38.8,37.5,1.3,67.6,23.4,36.7,Normal
34.3,35.0,-0.7,68.3,23.4,35.1,Normal
46.3,36.4,9.9,32.4,2.2,44.8,Severe Heatwave
38.9,38.1,0.9,40.2,23.2,40.2,Normal
36.0,39.9,-3.9,28.1,3.3,35.4,Normal
38.7,38.2,0.5,24.5,8.1,37.5,Normal
39.1,36.3,2.8,79.5,13.8,39.8,Normal
45.0,38.2,6.9,59.3,13.0,45.4,Severe Heatwave
36.6,37.7,-1.1,52.5,15.9,35.6,Normal
34.4,38.9,-4.5,65.9,13.0,33.1,Normal
39.4,35.5,3.9,70.4,23.5,39.2,Normal
35.0,38.8,-3.8,68.4,7.5,33.8,Normal
37.2,37.7,-0.5,21.0,8.3,36.1,Normal
39.9,39.8,0.1,31.2,23.2,40.0,Normal
37.5,36.7,0.8,59.3,3.8,36.5,Normal
41.6,38.2,3.4,42.5,16.0,42.0,Normal
38.3,39.7,-1.4,78.9,17.7,39.8,Normal
35.6,35.5,0.0,59.9,13.6,35.4,Normal
40.6,39.7,1.0,77.4,18.0,40.8,Normal
40.0,38.4,1.5,32.1,6.0,42.0,Normal
36.7,35.3,1.3,71.8,21.6,35.5,Normal
39.0,36.5,2.5,39.3,5.2,40.2,Normal
42.5,38.5,4.0,79.4,11.2,43.6,Normal
37.7,35.3,2.4,29.5,3.7,38.6,Normal
40.5,37.9,2.6,51.0,14.5,41.8,Normal
32.2,36.7,-4.5,67.6,17.4,32.5,Normal
39.3,38.1,1.2,46.0,23.6,38.7,Normal
37.9,35.2,2.7,48.1,19.0,39.0,Normal
42.9,39.4,3.6,79.2,14.4,44.0,Normal
38.4,39.9,-1.4,45.5,23.5,39.5,Normal
38.5,39.8,-1.3,56.2,13.0,38.6,Normal
37.7,38.7,-1.0,23.3,14.9,37.0,Normal
38.5,35.7,2.9,70.5,15.7,38.7,Normal
43.4,38.8,4.6,58.9,11.4,44.4,Heatwave
34.7,35.1,-0.4,44.2,21.3,35.7,Normal
39.3,35.1,4.2,21.0,6.3,38.9,Normal
38.1,36.6,1.4,55.5,14.8,38.4,Normal
38.0,37.4,0.6,20.8,18.6,36.7,Normal
39.1,38.9,0.3,20.1,22.8,40.1,Normal
42.0,38.4,3.6,57.0,22.3,41.2,Normal
39.4,37.2,2.1,31.3,13.7,40.2,Normal
45.3,36.4,9.0,31.5,16.8,44.2,Severe Heatwave
38.0,40.0,-2.0,59.2,11.1,39.0,Normal
39.9,37.1,2.8,23.2,12.8,40.3,Normal
36.4,37.3,-0.9,38.8,22.8,35.6,Normal
33.8,35.8,-2.0,29.0,23.4,34.5,Normal
39.9,39.0,1.0,54.8,22.6,39.3,Normal
39.9,38.5,1.5,59.7,5.2,40.7,Normal
47.3,36.1,11.2,63.3,21.6,47.0,Severe Heatwave
35.8,35.4,0.4,35.3,23.8,34.0,Normal
35.4,38.4,-3.0,25.4,10.3,34.5,Normal
40.2,38.3,2.0,24.7,13.9,39.8,Normal
30.1,36.4,-6.3,45.6,19.9,31.5,Normal
40.4,39.8,0.7,76.8,14.9,41.3,Normal
36.8,35.8,1.1,33.1,24.9,38.4,Normal
40.9,37.2,3.8,35.4,12.5,42.6,Normal
44.1,39.7,4.4,26.1,18.4,43.6,Normal
36.3,37.1,-0.8,56.3,20.2,36.1,Normal
38.7,38.2,0.5,60.8,13.4,38.3,Normal
35.3,37.0,-1.7,58.6,21.7,34.6,Normal
33.4,36.4,-2.9,71.7,14.6,31.6,Normal
42.0,39.9,2.1,49.2,11.5,42.0,Normal
33.6,37.0,-3.5,28.1,4.5,32.3,Normal
39.0,39.5,-0.5,37.4,11.0,39.0,Normal
33.7,36.1,-2.5,59.7,18.9,35.8,Normal
39.0,36.1,2.9,56.8,23.2,38.5,Normal
42.5,35.2,7.3,51.9,7.8,42.7,Severe Heatwave
34.7,38.3,-3.6,61.0,10.2,35.6,Normal
31.4,36.8,-5.5,58.2,5.5,31.6,Normal
39.9,39.3,0.6,72.9,17.9,40.2,Normal
38.4,37.4,1.1,55.2,24.1,38.1,Normal
41.6,39.8,1.8,66.7,16.7,41.4,Normal
35.4,35.9,-0.6,34.9,16.2,34.4,Normal
39.6,39.3,0.3,60.7,14.7,40.5,Normal
41.2,38.9,2.3,74.1,4.0,39.4,Normal
43.5,38.9,4.6,43.1,18.8,44.5,Heatwave
33.4,39.2,-5.8,66.7,15.8,32.0,Normal
38.5,38.8,-0.3,63.5,17.2,39.5,Normal
39.9,38.1,1.7,23.6,22.7,39.5,Normal
33.4,35.7,-2.2,54.9,20.0,32.2,Normal
42.2,35.2,7.1,27.8,20.0,42.8,Severe Heatwave
38.4,39.6,-1.2,78.0,23.3,39.3,Normal
38.9,38.1,0.9,68.7,24.8,38.5,Normal
41.9,39.0,2.9,26.6,15.4,42.6,Normal
36.3,37.4,-1.1,27.3,4.5,34.1,Normal
30.1,35.6,-5.5,55.7,12.6,28.8,Normal
35.1,35.6,-0.5,40.7,20.1,36.4,Normal
43.0,38.4,4.6,22.1,2.6,42.8,Heatwave
37.0,37.2,-0.2,52.5,3.3,35.1,Normal
34.0,36.0,-2.0,43.3,3.5,33.3,Normal
41.7,37.5,4.2,26.1,18.8,40.8,Normal
35.2,35.3,-0.2,68.1,13.5,35.0,Normal
37.1,37.9,-0.8,74.9,10.5,36.8,Normal
37.9,36.3,1.5,65.4,4.4,38.0,Normal
42.7,39.0,3.7,69.3,18.8,42.6,Normal
45.9,36.6,9.3,33.0,9.4,47.2,Severe Heatwave
41.2,37.3,3.9,35.8,8.1,41.6,Normal
40.1,35.1,5.1,32.5,17.0,40.6,Heatwave
34.6,35.4,-0.8,65.9,14.9,35.8,Normal
34.4,37.0,-2.6,76.9,10.3,34.0,Normal
38.6,37.4,1.2,63.0,16.8,37.4,Normal
39.4,38.0,1.4,72.9,8.2,40.6,Normal
33.7,36.5,-2.8,58.3,20.3,33.8,Normal
38.9,38.5,0.4,43.3,7.3,39.0,Normal
41.7,39.3,2.4,45.5,5.7,41.1,Normal
41.2,38.9,2.3,24.5,20.0,40.5,Normal
38.0,35.2,2.8,21.9,18.3,38.8,Normal
39.4,37.4,2.0,61.7,6.2,40.4,Normal
34.8,35.5,-0.8,46.3,4.7,35.5,Normal
35.4,36.2,-0.8,53.1,21.3,36.2,Normal
36.7,39.9,-3.2,53.5,19.9,37.3,Normal
43.0,35.7,7.2,36.6,9.5,43.1,Severe Heatwave
38.5,37.5,1.0,48.6,17.1,38.4,Normal
38.3,38.1,0.2,48.2,4.9,39.5,Normal
36.3,38.5,-2.3,43.3,13.7,35.9,Normal
49.1,37.8,11.3,69.2,2.4,49.4,Severe Heatwave
32.3,35.0,-2.8,47.1,11.0,31.5,Normal
36.1,36.6,-0.5,56.2,3.7,35.5,Normal
40.0,37.6,2.5,73.7,12.9,39.8,Normal
38.5,35.4,3.1,72.0,11.7,37.7,Normal
41.1,36.8,4.4,73.4,12.2,41.9,Normal
42.5,35.2,7.3,36.2,3.0,41.1,Severe Heatwave
38.2,35.4,2.8,22.1,10.3,38.3,Normal
34.3,37.0,-2.7,35.7,19.4,34.4,Normal
35.8,35.7,0.1,36.7,10.5,34.0,Normal
39.9,37.8,2.1,74.6,18.4,39.5,Normal
46.7,38.4,8.2,59.0,10.5,46.9,Severe Heatwave
35.1,39.0,-3.9,24.9,11.7,35.5,Normal
41.2,36.0,5.2,28.1,15.0,41.0,Heatwave
37.5,35.8,1.6,29.3,23.9,38.1,Normal
39.5,35.5,3.9,57.8,4.5,39.3,Normal
38.8,38.2,0.6,64.1,2.8,38.8,Normal
36.6,38.5,-1.9,71.6,16.0,36.8,Normal
38.8,35.2,3.6,76.4,23.8,39.7,Normal
43.0,39.7,3.3,32.1,24.8,42.3,Normal
39.7,35.3,4.4,38.6,13.1,39.2,Normal
38.7,37.7,1.0,34.4,12.8,38.0,Normal
37.4,38.5,-1.1,41.5,16.8,37.1,Normal
34.9,39.4,-4.5,74.9,14.8,36.3,Normal
42.4,38.6,3.9,54.5,16.6,43.0,Normal
41.5,39.0,2.5,64.3,22.1,40.4,Normal
34.3,36.7,-2.4,49.4,19.2,33.7,Normal
38.2,39.1,-0.9,21.7,13.4,38.6,Normal
34.8,35.4,-0.6,23.9,12.6,33.9,Normal
35.3,39.5,-4.2,52.3,16.7,34.6,Normal
35.9,37.7,-1.9,63.1,12.5,37.2,Normal
36.1,39.1,-3.0,32.9,12.5,35.5,Normal
36.8,37.3,-0.4,63.3,2.4,37.8,Normal
36.6,38.2,-1.6,68.6,6.0,37.9,Normal
32.9,37.6,-4.7,44.7,13.2,32.2,Normal
46.7,38.7,8.1,64.8,20.9,45.8,Severe Heatwave
40.8,35.4,5.4,44.2,8.4,40.5,Heatwave
33.6,35.3,-1.7,60.7,14.0,32.5,Normal
38.2,36.2,2.0,65.8,9.9,38.3,Normal
38.3,35.8,2.5,79.5,4.4,38.1,Normal
44.5,39.4,5.2,40.7,24.0,44.9,Heatwave
34.2,36.1,-1.9,44.7,21.7,35.6,Normal
44.7,39.9,4.8,29.9,3.8,45.5,Heatwave
35.8,36.7,-0.9,32.2,18.6,36.3,Normal
32.2,35.9,-3.7,61.6,10.0,30.3,Normal
42.5,38.9,3.5,75.0,24.9,42.9,Normal
43.8,38.3,5.5,43.7,9.0,45.5,Heatwave
47.5,37.5,10.1,30.8,7.5,44.5,Severe Heatwave
34.6,37.8,-3.2,37.1,15.1,35.3,Normal
42.0,38.6,3.4,47.3,21.2,41.9,Normal
35.7,36.1,-0.4,37.4,6.4,34.9,Normal
43.7,40.0,3.7,34.0,18.3,44.5,Normal
35.7,39.9,-4.1,64.2,3.4,37.4,Normal
34.8,38.3,-3.4,20.5,23.1,35.6,Normal
34.3,36.0,-1.7,52.4,3.9,33.9,Normal
39.7,38.4,1.3,67.6,23.0,38.7,Normal
34.1,35.4,-1.2,36.0,13.3,34.3,Normal
38.5,35.2,3.3,56.2,12.3,39.3,Normal
40.9,36.3,4.6,60.1,24.4,40.5,Heatwave
40.4,37.3,3.1,59.3,24.8,40.1,Normal
46.0,39.3,6.7,46.8,17.0,48.8,Severe Heatwave
41.1,38.6,2.5,40.8,4.9,42.2,Normal
35.5,38.7,-3.3,70.2,13.6,36.6,Normal
42.9,37.1,5.8,65.5,14.2,41.4,Heatwave
35.6,36.7,-1.1,39.3,13.8,34.9,Normal
41.0,36.9,4.2,26.2,15.1,41.1,Normal
46.4,39.9,6.5,24.3,2.4,45.4,Severe Heatwave
37.8,35.2,2.6,25.7,18.4,39.4,Normal
35.1,39.3,-4.2,55.0,18.4,36.5,Normal
35.7,37.9,-2.2,23.1,4.7,35.1,Normal
42.8,37.2,5.6,40.2,15.1,44.6,Heatwave
39.0,38.6,0.4,65.2,15.1,39.0,Normal
38.7,37.4,1.3,37.7,17.7,41.3,Normal
43.0,39.4,3.7,65.8,4.0,43.2,Normal
42.9,39.5,3.4,64.7,16.4,43.5,Normal
39.1,37.1,2.0,34.7,8.5,40.5,Normal
36.7,36.4,0.3,63.7,13.7,37.9,Normal
37.9,38.0,-0.1,64.9,19.8,38.4,Normal
43.6,39.6,4.0,43.8,18.2,43.4,Normal
39.0,36.1,2.9,32.6,4.7,39.5,Normal
38.2,38.1,0.1,51.3,15.6,37.4,Normal
42.9,38.2,4.8,75.3,24.3,43.1,Heatwave
39.2,38.7,0.5,58.4,5.6,38.1,Normal
33.7,35.7,-2.0,30.4,21.6,31.9,Normal
36.9,38.6,-1.7,61.0,18.2,37.0,Normal
37.1,39.5,-2.4,45.6,19.8,38.4,Normal
35.9,35.9,0.0,55.5,8.5,36.9,Normal
41.5,36.2,5.3,64.0,8.6,41.4,Heatwave
38.0,39.9,-1.8,50.9,22.8,39.8,Normal
37.6,35.9,1.7,68.8,10.3,37.0,Normal
38.0,39.3,-1.3,63.3,3.4,36.1,Normal
37.6,37.5,0.1,56.9,15.8,35.4,Normal
32.0,36.2,-4.3,29.0,4.9,30.8,Normal
39.6,39.4,0.2,70.2,20.3,40.4,Normal
37.5,37.2,0.3,76.2,16.8,36.9,Normal
40.5,37.6,2.9,28.2,22.1,40.9,Normal
38.6,36.8,1.8,49.3,20.1,40.2,Normal
34.8,38.0,-3.2,35.5,4.6,33.7,Normal
40.6,35.8,4.8,65.3,10.8,41.1,Heatwave
38.7,37.0,1.7,63.3,19.8,39.2,Normal
41.5,39.8,1.7,28.5,11.6,40.7,Normal
37.3,36.3,1.0,72.6,24.4,38.6,Normal
37.5,38.3,-0.8,30.9,18.9,37.2,Normal
38.4,36.6,1.8,67.8,2.4,38.0,Normal
41.5,38.9,2.7,47.4,22.2,43.6,Normal
30.5,35.7,-5.1,39.7,4.3,31.1,Normal
39.0,39.8,-0.9,29.5,5.2,39.9,Normal
37.4,37.3,0.1,30.1,18.9,38.7,Normal
38.1,36.2,1.9,59.7,21.9,37.4,Normal
40.5,35.4,5.2,53.0,14.3,41.8,Heatwave
34.1,35.8,-1.7,27.3,8.6,33.6,Normal
36.9,37.6,-0.7,26.8,10.1,36.3,Normal
35.9,36.7,-0.8,24.3,9.9,35.6,Normal
37.3,39.1,-1.8,64.6,9.5,36.7,Normal
36.9,37.2,-0.2,62.7,7.6,37.8,Normal
39.9,36.2,3.7,23.5,16.0,40.2,Normal
35.4,38.1,-2.7,53.6,22.7,34.9,Normal
41.0,38.5,2.5,25.1,9.1,41.7,Normal
30.9,35.8,-5.0,74.2,6.3,30.6,Normal
34.9,35.8,-1.0,74.4,21.3,34.5,Normal
35.0,35.2,-0.2,61.9,19.1,35.1,Normal
45.5,38.7,6.9,75.6,23.4,46.0,Severe Heatwave
38.4,38.3,0.0,68.7,5.8,38.7,Normal
30.7,37.4,-6.7,69.7,5.3,30.3,Normal
33.2,39.2,-6.0,54.2,14.5,34.1,Normal
40.1,39.0,1.1,38.4,16.1,39.9,Normal
41.1,37.9,3.1,33.1,13.0,40.4,Normal
41.7,39.3,2.3,39.6,15.8,40.2,Normal
37.6,36.0,1.6,57.7,6.1,38.6,Normal
40.6,35.6,5.1,30.4,13.0,40.6,Heatwave
35.5,36.3,-0.9,35.5,17.1,35.7,Normal
39.4,35.3,4.1,48.1,12.0,40.5,Normal
32.9,37.7,-4.7,34.0,17.6,32.5,Normal
37.5,39.7,-2.2,55.3,12.4,36.1,Normal
29.9,35.2,-5.3,75.4,9.7,29.9,Normal
35.6,35.6,0.0,64.9,9.0,36.0,Normal
38.1,37.3,0.8,60.0,11.5,37.8,Normal
41.1,39.7,1.4,55.0,2.5,42.5,Normal
37.8,36.6,1.2,49.3,17.4,35.3,Normal
35.3,37.5,-2.2,31.2,21.4,36.4,Normal
35.5,35.2,0.3,73.7,10.2,36.3,Normal
31.5,35.7,-4.2,34.9,3.1,32.0,Normal
45.7,39.9,5.8,25.5,24.7,42.4,Heatwave
39.8,39.8,-0.1,65.0,8.1,41.0,Normal
34.3,35.0,-0.7,30.5,4.9,33.3,Normal
46.3,39.8,6.6,42.3,10.5,45.8,Severe Heatwave
34.8,38.2,-3.3,21.7,19.0,34.7,Normal
36.4,39.3,-2.9,28.2,8.8,36.8,Normal
34.4,37.3,-2.8,30.4,15.2,35.1,Normal
38.3,37.6,0.8,23.3,11.6,39.2,Normal
40.0,37.4,2.5,59.4,4.7,40.8,Normal
41.9,38.3,3.6,70.2,9.6,42.2,Normal
45.7,35.7,10.0,42.4,18.7,46.1,Severe Heatwave
28.3,35.1,-6.9,72.5,16.1,27.2,Normal
39.7,36.5,3.1,32.8,4.8,38.9,Normal
37.6,38.5,-0.9,39.5,5.8,38.5,Normal
35.0,36.0,-1.1,29.0,16.7,35.8,Normal
37.2,38.4,-1.2,57.2,20.7,37.9,Normal
37.7,39.8,-2.2,45.2,10.0,37.2,Normal
42.4,35.5,6.9,56.8,15.7,43.3,Severe Heatwave
42.3,38.4,3.9,65.7,5.9,41.1,Normal
38.3,37.2,1.1,52.7,9.2,39.4,Normal
45.1,39.3,5.7,57.7,2.5,44.8,Heatwave
31.6,35.9,-4.3,76.1,19.7,33.3,Normal
34.8,38.5,-3.7,37.9,11.2,33.3,Normal
32.6,39.2,-6.6,41.5,20.8,34.3,Normal
38.3,39.7,-1.4,63.1,18.3,37.9,Normal
40.0,38.4,1.6,56.7,21.1,39.6,Normal
38.8,37.5,1.4,30.7,8.6,39.0,Normal
39.6,38.1,1.5,42.6,6.3,38.9,Normal
35.4,39.3,-3.9,48.1,24.4,35.3,Normal
41.7,37.9,3.8,45.2,18.5,40.9,Normal
37.0,35.2,1.8,30.7,21.2,36.3,Normal
43.2,39.7,3.6,75.5,2.3,43.7,Normal
32.8,38.4,-5.6,65.7,10.2,31.9,Normal
40.5,38.4,2.1,48.9,19.1,39.7,Normal
32.9,36.1,-3.2,60.8,3.8,31.5,Normal
37.9,38.3,-0.4,73.8,15.0,37.4,Normal
39.8,37.0,2.9,28.2,11.9,41.2,Normal
39.6,38.3,1.3,35.0,2.4,38.7,Normal
33.6,35.5,-2.0,52.6,7.4,32.8,Normal
39.3,38.3,1.0,67.9,8.6,39.5,Normal
35.6,40.0,-4.4,22.2,4.6,35.3,Normal
40.3,35.2,5.0,79.0,16.5,42.5,Heatwave
40.2,39.9,0.3,47.3,7.6,40.0,Normal
41.9,37.0,4.9,41.6,8.4,42.3,Heatwave
38.5,39.4,-0.8,37.6,22.7,39.5,Normal
38.1,38.9,-0.8,30.5,12.7,39.0,Normal
36.2,37.8,-1.7,67.5,11.0,36.4,Normal
42.8,38.7,4.1,77.3,18.6,42.6,Normal
37.9,39.4,-1.5,44.8,22.9,39.9,Normal
40.3,37.0,3.3,77.1,2.6,40.2,Normal
36.3,36.6,-0.3,69.4,12.3,35.9,Normal
32.4,38.3,-5.9,48.9,16.0,31.8,Normal
38.0,39.0,-1.0,60.4,9.3,36.3,Normal
35.7,38.8,-3.1,46.1,19.8,36.5,Normal
40.1,39.0,1.1,53.5,24.3,37.8,Normal
34.0,37.2,-3.2,23.5,23.7,34.0,Normal
43.3,39.1,4.2,61.8,8.1,43.1,Normal
36.3,35.6,0.7,23.2,7.2,38.5,Normal
38.1,37.7,0.4,69.0,24.0,36.3,Normal
38.3,35.0,3.3,69.5,12.5,37.4,Normal
41.0,36.6,4.4,34.2,6.8,40.9,Normal
37.8,36.8,0.9,39.4,18.3,37.6,Normal
35.3,37.0,-1.7,48.9,8.5,34.7,Normal
33.3,38.5,-5.2,55.8,8.1,33.2,Normal
35.5,36.9,-1.4,37.2,22.2,34.3,Normal
36.1,37.2,-1.2,55.5,5.7,36.4,Normal
37.6,36.2,1.4,37.9,3.5,35.2,Normal
36.7,36.9,-0.2,23.3,8.2,36.6,Normal
39.5,36.1,3.4,20.2,16.0,38.9,Normal
34.2,35.4,-1.1,26.1,4.8,35.2,Normal
38.8,38.0,0.8,67.5,12.8,40.6,Normal
43.5,38.3,5.1,77.7,16.4,43.2,Heatwave
40.3,38.1,2.2,45.6,21.5,41.7,Normal
38.1,37.3,0.8,50.8,7.3,37.8,Normal
35.8,36.9,-1.1,28.8,20.8,34.8,Normal
38.1,39.3,-1.2,53.1,7.4,39.8,Normal
35.6,37.6,-2.0,28.7,17.6,36.1,Normal
36.5,37.4,-0.9,56.7,11.9,36.5,Normal
38.8,35.1,3.6,76.0,4.6,39.5,Normal
36.9,36.7,0.2,31.7,18.4,37.2,Normal
33.2,36.9,-3.7,65.9,7.0,33.1,Normal
44.2,37.0,7.2,21.4,6.1,42.9,Severe Heatwave
40.0,37.9,2.1,42.5,10.2,39.8,Normal
33.7,37.7,-3.9,26.6,17.0,34.4,Normal
37.5,38.0,-0.5,41.1,7.4,37.4,Normal
40.2,38.8,1.4,30.4,6.2,41.1,Normal
46.0,39.1,7.0,42.4,2.2,46.4,Severe Heatwave
35.7,38.6,-2.9,45.1,12.8,34.8,Normal
44.2,39.8,4.4,38.0,11.9,42.9,Normal
41.0,35.1,5.9,59.4,7.4,40.8,Heatwave
34.8,36.0,-1.2,75.1,3.2,34.3,Normal
35.1,35.0,0.0,44.0,11.9,35.4,Normal
35.6,38.2,-2.6,31.5,20.1,34.9,Normal
39.8,39.5,0.3,36.2,18.5,39.2,Normal
37.1,36.2,0.9,71.2,21.8,38.1,Normal
42.9,39.6,3.3,54.3,2.2,43.1,Normal
40.1,35.3,4.8,47.3,24.2,39.4,Heatwave
38.1,39.7,-1.6,29.0,9.9,38.1,Normal
30.9,36.8,-5.9,47.0,24.8,32.3,Normal
36.4,35.5,0.9,36.7,7.8,36.7,Normal
39.5,37.4,2.0,76.6,12.8,40.0,Normal
38.2,36.3,1.9,73.0,10.1,37.4,Normal
36.3,36.4,-0.1,25.0,10.2,37.3,Normal
38.0,36.5,1.4,51.0,21.4,40.3,Normal
45.3,39.0,6.3,33.5,19.2,44.5,Heatwave
40.0,37.7,2.3,44.6,24.8,38.8,Normal
36.2,36.6,-0.3,72.6,16.1,36.4,Normal
37.3,38.1,-0.8,51.7,12.7,38.2,Normal
39.0,38.6,0.4,40.1,4.1,38.9,Normal
43.1,36.4,6.7,32.5,24.9,42.0,Severe Heatwave
37.4,37.1,0.4,68.0,14.7,37.3,Normal
36.5,35.6,0.9,57.5,18.1,37.1,Normal
35.2,35.9,-0.7,48.1,11.4,34.8,Normal
43.3,38.4,4.8,33.0,14.6,43.9,Heatwave
43.8,35.9,7.9,40.1,23.7,44.9,Severe Heatwave
40.2,37.6,2.6,77.6,5.8,40.4,Normal
39.8,38.5,1.3,51.2,8.7,39.8,Normal
36.7,35.5,1.1,44.0,5.5,37.5,Normal
30.5,37.8,-7.3,51.3,20.2,29.6,Normal
39.9,36.3,3.6,66.7,3.4,38.9,Normal
41.3,39.8,1.5,40.4,3.9,41.0,Normal
39.9,37.4,2.5,30.7,8.9,39.4,Normal
37.5,39.0,-1.5,55.1,13.8,36.7,Normal
37.4,37.8,-0.3,59.9,11.3,39.2,Normal
34.8,35.2,-0.4,62.8,3.0,37.0,Normal
42.7,38.2,4.6,72.9,24.0,42.4,Heatwave
39.4,39.8,-0.3,42.3,23.9,39.5,Normal
46.3,38.0,8.3,24.5,8.4,46.1,Severe Heatwave
41.6,39.1,2.5,77.5,18.8,42.7,Normal
36.0,39.4,-3.5,46.1,15.3,37.3,Normal
36.7,36.1,0.6,57.4,7.5,34.9,Normal
34.8,36.1,-1.3,60.0,8.0,35.3,Normal
31.4,38.1,-6.7,52.8,13.3,30.1,Normal
43.7,37.1,6.6,32.3,11.6,45.4,Severe Heatwave
42.7,39.2,3.5,65.3,8.7,43.1,Normal
42.4,39.5,2.9,68.2,20.6,41.5,Normal
38.3,36.8,1.6,53.2,13.1,38.1,Normal
32.3,36.2,-3.8,49.3,17.1,32.1,Normal
38.2,38.9,-0.7,26.8,6.4,38.7,Normal
40.3,36.4,3.9,25.0,14.3,41.4,Normal
36.4,39.1,-2.7,40.4,9.3,35.3,Normal
29.3,37.1,-7.9,38.7,14.1,31.1,Normal
38.5,38.3,0.2,77.2,20.0,40.1,Normal
36.0,35.5,0.5,67.0,19.7,35.1,Normal
39.6,38.1,1.5,59.6,10.1,39.7,Normal
40.8,37.3,3.5,51.1,18.0,42.5,Normal
41.2,37.9,3.2,30.0,23.6,42.4,Normal
37.7,35.8,1.9,78.7,16.4,37.4,Normal
43.9,38.7,5.2,42.5,5.4,44.7,Heatwave
35.0,39.3,-4.3,26.4,17.6,38.0,Normal
38.8,36.1,2.8,49.6,4.4,39.0,Normal
38.7,35.5,3.2,72.4,22.1,38.0,Normal
31.8,35.1,-3.3,73.2,13.9,32.0,Normal
33.9,38.2,-4.3,20.7,10.9,34.2,Normal
36.4,38.0,-1.6,73.2,3.3,35.9,Normal
36.4,37.7,-1.3,36.3,10.8,36.9,Normal
39.8,36.2,3.6,22.3,22.8,38.5,Normal
35.8,37.0,-1.2,70.9,2.5,35.1,Normal
36.0,38.0,-2.0,71.8,12.9,36.7,Normal
36.3,37.5,-1.1,55.8,23.4,34.6,Normal
44.9,39.9,4.9,54.5,11.1,45.8,Heatwave
36.7,35.7,1.0,68.8,11.8,34.7,Normal
38.8,38.5,0.4,67.2,15.3,37.1,Normal
37.6,37.0,0.6,73.4,12.6,37.1,Normal
42.7,37.1,5.5,53.2,5.9,43.0,Heatwave
37.0,38.6,-1.6,78.1,2.4,38.3,Normal
44.1,38.5,5.6,79.8,16.0,44.1,Heatwave
41.7,40.0,1.7,27.0,23.2,41.4,Normal
36.1,35.6,0.4,71.0,4.4,36.7,Normal
45.3,35.5,9.8,50.0,6.9,44.4,Severe Heatwave
35.9,38.6,-2.7,43.3,10.5,36.1,Normal
37.7,37.9,-0.2,56.8,20.6,36.5,Normal
33.1,36.4,-3.3,23.4,8.2,33.1,Normal
39.7,35.4,4.3,50.4,22.3,39.6,Normal
42.3,35.4,6.9,72.3,3.3,41.5,Severe Heatwave
46.3,39.5,6.8,32.8,23.6,46.5,Severe Heatwave
41.2,36.0,5.3,45.6,14.9,41.4,Heatwave
36.9,36.6,0.3,76.4,17.2,38.1,Normal
35.9,36.1,-0.3,45.7,10.5,34.2,Normal
31.9,36.8,-4.8,41.5,20.0,31.8,Normal
43.5,35.3,8.1,46.4,5.8,42.7,Severe Heatwave
40.2,37.6,2.6,51.2,3.1,41.1,Normal
34.6,35.3,-0.7,57.9,11.1,35.4,Normal
44.6,39.0,5.6,68.0,21.6,45.2,Heatwave
33.8,36.2,-2.4,47.1,19.4,33.1,Normal
40.1,37.7,2.4,69.0,13.9,41.0,Normal
39.8,39.4,0.4,52.0,15.2,38.3,Normal
41.5,38.3,3.2,40.3,5.0,39.8,Normal
38.4,37.7,0.8,59.5,21.3,37.2,Normal
32.5,36.6,-4.1,63.1,20.1,32.5,Normal
37.9,36.7,1.3,53.5,17.1,38.6,Normal
43.0,38.3,4.7,23.4,12.7,40.0,Heatwave
40.9,40.0,0.9,30.2,24.2,42.2,Normal
42.0,38.3,3.7,37.1,22.2,42.2,Normal
35.1,37.8,-2.7,37.0,16.8,33.6,Normal
39.6,38.7,0.9,60.4,10.6,39.7,Normal
36.1,37.3,-1.2,21.1,16.2,37.2,Normal
38.9,35.3,3.6,65.3,15.2,39.5,Normal
38.9,37.8,1.1,35.9,11.1,40.0,Normal
43.2,39.8,3.4,38.6,9.1,41.8,Normal
40.7,35.9,4.8,51.7,11.4,40.3,Heatwave
41.9,38.5,3.4,33.0,15.2,40.9,Normal
38.0,36.0,2.0,73.1,11.8,39.7,Normal
35.2,37.7,-2.5,25.1,8.1,35.8,Normal
36.5,35.5,1.0,46.7,19.5,39.3,Normal
36.4,37.3,-0.9,71.0,14.2,35.9,Normal
38.6,38.8,-0.2,57.0,3.6,37.9,Normal
36.4,36.7,-0.3,37.5,10.5,36.3,Normal
35.9,38.3,-2.4,45.2,22.4,37.3,Normal
33.1,39.0,-5.9,62.4,19.4,32.8,Normal
38.3,39.6,-1.3,78.4,9.4,38.4,Normal
37.9,36.2,1.7,73.6,23.6,37.9,Normal
33.3,37.0,-3.7,40.5,3.8,33.3,Normal
36.8,35.8,1.1,79.9,24.1,36.2,Normal
47.6,40.0,7.7,20.2,7.7,47.5,Severe Heatwave
44.2,39.6,4.6,21.7,2.2,44.0,Heatwave
44.5,37.7,6.8,69.4,12.0,44.4,Severe Heatwave
41.6,39.2,2.4,32.0,10.3,42.5,Normal
42.7,37.6,5.1,23.6,14.4,44.5,Heatwave
36.6,38.1,-1.5,34.2,20.3,35.7,Normal
34.2,35.4,-1.3,45.6,21.4,33.8,Normal
30.2,38.8,-8.6,63.8,11.2,29.4,Normal
40.8,35.6,5.2,57.5,11.9,41.0,Heatwave
45.5,39.1,6.4,34.3,5.4,45.0,Heatwave
38.0,38.9,-0.9,50.2,3.1,38.2,Normal
38.7,38.5,0.1,75.6,16.7,39.8,Normal
33.5,35.2,-1.6,68.9,3.5,31.0,Normal
38.9,36.5,2.3,39.4,18.9,39.3,Normal
41.3,36.3,4.9,78.9,14.4,40.8,Heatwave
31.7,36.8,-5.1,62.5,6.6,32.2,Normal
37.9,35.4,2.4,23.7,14.4,37.0,Normal
39.7,39.7,0.0,22.1,6.2,40.9,Normal
39.2,37.8,1.4,30.1,12.1,40.1,Normal
39.1,36.5,2.6,63.7,20.4,39.7,Normal
37.3,37.0,0.3,31.0,12.6,38.1,Normal
37.9,37.2,0.6,50.7,5.4,37.1,Normal
38.3,38.0,0.3,25.6,18.6,37.6,Normal
42.0,37.6,4.4,75.3,6.3,42.7,Normal
42.1,39.6,2.5,40.6,19.0,41.3,Normal
39.3,37.5,1.8,74.5,13.0,40.7,Normal
36.5,40.0,-3.4,76.7,12.4,36.2,Normal
38.9,39.3,-0.3,20.4,21.6,39.4,Normal
40.2,36.0,4.1,47.8,18.3,42.3,Normal
40.8,39.7,1.1,21.5,2.8,40.1,Normal
38.9,35.6,3.3,74.5,8.8,39.0,Normal
46.3,39.1,7.2,51.1,22.0,47.3,Severe Heatwave
41.5,36.9,4.6,24.5,2.4,42.5,Heatwave
40.7,39.4,1.3,26.6,14.5,40.4,Normal
38.6,39.3,-0.8,43.0,18.7,38.0,Normal
31.1,39.0,-7.9,76.4,16.3,30.9,Normal
39.4,39.0,0.4,61.6,19.5,40.8,Normal
36.4,36.5,-0.1,72.1,18.7,36.1,Normal
37.8,35.4,2.4,42.0,17.9,37.8,Normal
37.5,37.0,0.5,22.6,20.9,37.0,Normal
35.7,35.9,-0.1,78.5,16.9,36.5,Normal
33.2,38.5,-5.2,21.0,11.3,33.4,Normal
34.4,36.7,-2.3,76.9,12.9,33.4,Normal
42.5,39.9,2.7,42.1,18.5,41.6,Normal
45.2,38.2,7.0,20.6,22.2,43.2,Severe Heatwave
39.8,39.1,0.7,61.3,8.3,38.9,Normal
37.8,35.7,2.1,78.8,9.9,38.6,Normal
43.6,39.3,4.3,77.9,23.4,45.0,Normal
37.8,39.6,-1.8,29.7,15.3,38.5,Normal
39.7,37.4,2.3,30.9,6.1,40.3,Normal
36.4,38.0,-1.6,53.9,17.3,36.3,Normal
42.9,38.8,4.0,58.2,24.8,43.6,Normal
37.4,35.9,1.5,64.4,20.9,37.7,Normal
39.6,37.5,2.0,30.9,19.2,41.4,Normal
35.3,37.0,-1.7,77.5,6.8,35.2,Normal
39.2,35.7,3.5,58.3,22.2,40.5,Normal
45.1,36.8,8.3,70.8,14.1,46.0,Severe Heatwave
32.8,35.3,-2.5,52.4,22.5,33.5,Normal
34.9,35.1,-0.2,44.9,9.6,32.9,Normal
37.5,35.7,1.8,78.6,3.4,38.4,Normal
43.6,39.8,3.8,54.9,12.9,43.4,Normal
36.8,37.7,-1.0,72.0,8.2,36.3,Normal
30.9,39.8,-8.9,77.2,18.5,29.4,Normal
42.9,37.2,5.8,60.5,24.0,42.9,Heatwave
40.2,36.6,3.7,52.9,17.9,40.3,Normal
32.4,37.5,-5.1,20.2,22.4,31.1,Normal
36.1,37.2,-1.1,22.4,12.4,34.6,Normal
42.0,35.5,6.5,32.1,19.7,42.5,Severe Heatwave
44.3,38.2,6.1,31.2,21.4,45.1,Heatwave
40.4,36.1,4.3,35.3,18.4,40.6,Normal
38.5,38.1,0.4,38.3,13.7,39.6,Normal
39.5,38.3,1.3,41.6,16.4,39.5,Normal
36.3,35.8,0.5,45.2,18.1,36.2,Normal
40.3,35.3,4.9,25.9,7.8,39.3,Heatwave
36.8,38.9,-2.1,22.5,20.6,35.3,Normal
35.5,37.3,-1.8,60.4,23.9,37.3,Normal
39.8,35.3,4.5,52.2,12.7,41.0,Normal
40.8,40.0,0.8,46.6,18.1,39.4,Normal
41.1,35.3,5.8,58.1,19.0,41.3,Heatwave
37.1,38.5,-1.4,69.7,17.2,37.0,Normal
40.7,39.9,0.8,45.7,14.6,40.5,Normal
34.0,36.2,-2.2,58.5,22.3,33.6,Normal
36.7,35.7,1.0,77.2,12.3,37.1,Normal
31.4,35.6,-4.2,70.4,3.4,32.3,Normal
35.8,36.5,-0.7,45.6,21.4,36.2,Normal
31.5,35.5,-4.0,58.7,17.5,31.4,Normal
41.9,38.5,3.4,30.6,21.5,41.7,Normal
38.8,35.3,3.5,53.6,5.2,39.8,Normal
32.5,37.5,-5.1,78.9,2.7,33.0,Normal
45.7,40.0,5.7,51.1,23.5,45.7,Heatwave
48.8,39.1,9.7,75.7,5.4,48.8,Severe Heatwave
39.2,38.1,1.2,44.4,20.6,39.6,Normal
35.3,36.5,-1.2,79.9,20.9,34.8,Normal
49.0,38.1,10.9,54.8,18.3,49.8,Severe Heatwave
34.0,37.6,-3.6,22.5,5.0,32.9,Normal
38.2,37.1,1.1,55.2,17.4,37.8,Normal
37.3,35.7,1.6,36.5,22.4,37.9,Normal
45.1,39.4,5.7,21.9,11.8,44.0,Heatwave
39.5,37.2,2.3,69.3,11.5,37.9,Normal
35.2,36.0,-0.7,36.5,12.2,35.3,Normal
34.5,36.8,-2.3,67.8,3.9,32.8,Normal
36.9,37.1,-0.2,37.3,22.5,35.6,Normal
36.6,39.1,-2.5,31.7,22.0,37.4,Normal
39.8,38.7,1.2,78.4,25.0,39.6,Normal
37.9,38.8,-1.0,41.7,15.5,39.2,Normal
30.8,35.1,-4.2,56.1,19.3,29.6,Normal
42.5,37.1,5.4,56.6,6.7,42.4,Heatwave
36.7,37.4,-0.7,53.6,17.4,37.1,Normal
31.7,35.1,-3.4,74.9,16.9,30.5,Normal
36.7,36.3,0.4,60.5,22.7,37.7,Normal
40.0,38.8,1.2,44.2,21.1,40.6,Normal
30.6,35.7,-5.1,71.7,23.6,29.0,Normal
39.8,37.7,2.2,30.9,22.0,39.8,Normal
33.4,36.1,-2.7,52.7,22.0,33.8,Normal
42.0,35.1,7.0,77.0,3.5,41.5,Severe Heatwave
39.0,36.2,2.8,57.5,21.5,37.6,Normal
39.5,39.9,-0.4,69.0,16.0,39.8,Normal
37.4,39.0,-1.6,59.2,10.8,39.6,Normal
40.4,39.8,0.6,70.4,3.3,40.0,Normal
40.6,37.4,3.1,76.7,17.6,42.2,Normal
36.5,35.5,0.9,36.4,9.5,35.7,Normal
38.0,37.7,0.2,30.2,12.8,38.2,Normal
38.5,37.3,1.2,49.0,17.7,39.2,Normal
38.1,39.2,-1.1,62.1,23.0,38.1,Normal
35.3,35.5,-0.2,33.6,21.0,35.0,Normal
31.1,37.4,-6.3,20.2,12.4,31.9,Normal
40.2,35.8,4.4,40.6,10.9,42.0,Normal
38.7,36.6,2.0,78.1,7.5,39.0,Normal
37.0,38.7,-1.7,61.7,10.6,36.5,Normal
45.0,37.4,7.6,44.1,4.6,44.8,Severe Heatwave
38.2,36.9,1.3,31.6,24.3,40.7,Normal
34.3,37.0,-2.6,41.4,15.2,34.5,Normal
41.3,37.3,4.0,30.2,4.9,40.7,Normal
41.3,38.9,2.4,26.4,10.1,40.2,Normal
41.8,39.5,2.4,74.4,14.6,40.0,Normal
39.3,39.8,-0.5,79.9,14.3,39.7,Normal
41.5,38.9,2.6,29.8,2.8,42.2,Normal
36.7,36.6,0.1,23.3,23.9,36.3,Normal
41.4,38.4,2.9,39.8,8.3,41.4,Normal
31.5,37.2,-5.7,47.7,2.4,30.4,Normal
35.8,36.3,-0.5,32.3,3.8,35.9,Normal
46.2,39.2,7.0,38.1,15.3,46.7,Severe Heatwave
33.5,35.2,-1.7,32.1,5.2,33.0,Normal
38.4,39.5,-1.1,66.5,3.0,40.1,Normal
36.7,37.3,-0.6,62.8,10.7,35.9,Normal
34.9,38.2,-3.3,58.1,16.3,35.2,Normal
31.6,38.3,-6.7,43.2,4.6,32.4,Normal
39.7,39.5,0.2,74.5,9.2,39.6,Normal
39.7,38.2,1.5,78.2,11.6,39.5,Normal
38.9,38.1,0.8,30.4,5.7,37.5,Normal
35.8,35.3,0.5,33.4,13.6,37.2,Normal
38.7,37.6,1.2,51.5,4.0,38.6,Normal
40.3,35.8,4.6,25.5,3.1,40.9,Heatwave
39.0,38.7,0.3,46.2,14.0,39.7,Normal
36.6,37.6,-1.0,54.9,7.7,35.9,Normal
38.4,38.4,0.0,51.3,4.2,38.2,Normal
38.2,35.2,3.0,39.9,11.7,39.6,Normal
41.4,35.4,5.9,52.5,23.0,40.2,Heatwave
37.4,38.6,-1.2,77.5,18.7,39.5,Normal
36.7,35.4,1.3,32.4,20.8,36.0,Normal
37.5,35.4,2.2,59.3,22.1,36.4,Normal
32.6,35.1,-2.5,22.6,24.4,32.7,Normal
40.9,39.8,1.1,24.0,19.6,43.1,Normal
34.6,38.7,-4.1,53.1,16.0,32.6,Normal
31.6,36.8,-5.2,26.3,10.4,31.4,Normal
38.8,36.5,2.3,21.3,6.2,39.2,Normal
36.4,36.7,-0.3,30.3,17.8,36.4,Normal
40.6,38.9,1.7,53.9,24.9,41.0,Normal
39.2,38.3,0.9,62.2,12.7,38.5,Normal
33.5,35.9,-2.4,32.1,18.6,32.9,Normal
36.7,35.9,0.8,60.1,13.4,36.6,Normal
32.2,35.5,-3.3,30.9,11.9,31.0,Normal
44.2,38.3,5.9,56.8,11.4,44.1,Heatwave
35.1,38.8,-3.7,44.7,13.6,34.7,Normal
36.6,36.3,0.3,59.2,10.4,36.2,Normal
32.5,35.1,-2.6,79.7,19.2,32.8,Normal
38.4,35.4,3.0,76.3,22.1,36.6,Normal
39.7,39.8,-0.2,20.3,22.3,39.5,Normal
35.7,36.5,-0.8,73.1,7.2,38.0,Normal
42.8,38.8,4.0,24.0,22.6,41.7,Normal
39.2,38.1,1.1,77.2,9.9,40.5,Normal
39.7,36.9,2.8,36.9,9.1,39.8,Normal
33.6,36.0,-2.4,42.9,18.7,33.0,Normal
31.7,35.6,-3.9,25.5,9.0,30.4,Normal
39.5,38.1,1.4,26.7,3.2,39.6,Normal
38.8,38.9,-0.1,63.6,10.6,40.2,Normal
41.4,38.2,3.2,76.7,18.6,41.0,Normal
38.4,37.7,0.7,56.6,9.5,38.3,Normal
36.9,35.2,1.7,63.0,16.5,37.9,Normal
35.2,39.8,-4.7,65.7,17.2,35.5,Normal
46.6,39.0,7.6,35.8,18.9,45.0,Severe Heatwave
36.9,36.5,0.4,22.7,22.6,37.0,Normal
43.3,39.9,3.4,20.1,11.9,44.9,Normal
36.1,38.0,-1.9,41.0,5.8,36.0,Normal
40.0,37.9,2.1,34.5,9.3,37.2,Normal
35.2,38.7,-3.6,23.7,11.9,35.6,Normal
41.6,39.1,2.6,30.8,18.4,41.4,Normal
38.0,38.3,-0.2,27.5,2.3,36.2,Normal
36.7,35.6,1.1,74.9,9.3,35.1,Normal
40.1,36.7,3.4,28.4,19.9,41.1,Normal
36.3,39.6,-3.3,52.3,17.4,35.6,Normal
34.7,36.1,-1.4,55.6,18.8,33.8,Normal
39.5,36.9,2.6,52.6,20.7,39.4,Normal
45.5,37.2,8.3,25.9,20.0,44.9,Severe Heatwave
37.7,37.2,0.5,39.1,17.7,37.8,Normal
41.1,38.1,3.1,23.1,12.1,40.9,Normal
40.3,39.7,0.6,43.7,24.6,39.1,Normal
44.0,36.2,7.8,31.3,15.1,43.5,Severe Heatwave
30.5,35.6,-5.1,53.7,6.7,30.9,Normal
37.3,36.0,1.3,61.6,8.7,37.4,Normal
34.7,39.4,-4.7,51.9,18.0,34.7,Normal
30.5,38.2,-7.8,46.1,23.3,32.4,Normal
38.5,36.4,2.0,43.2,6.1,39.2,Normal
40.6,39.1,1.5,70.5,3.9,41.4,Normal
39.3,39.3,0.0,33.2,22.3,39.1,Normal
39.9,39.2,0.6,64.1,23.1,40.1,Normal
51.4,39.6,11.8,65.4,8.4,51.0,Severe Heatwave
36.4,36.3,0.1,45.2,10.7,37.1,Normal
41.6,38.8,2.8,37.8,17.2,41.5,Normal
36.0,37.3,-1.3,48.2,9.6,36.3,Normal
41.2,39.2,2.0,25.6,22.2,41.4,Normal
38.8,38.6,0.2,22.8,4.5,38.8,Normal
38.4,38.9,-0.4,26.7,2.9,41.4,Normal
45.6,38.3,7.4,31.2,6.8,45.0,Severe Heatwave
41.0,35.9,5.1,50.3,8.6,40.3,Heatwave
39.2,37.7,1.5,70.9,4.6,39.9,Normal
32.9,39.9,-7.1,34.1,3.5,32.3,Normal
39.4,39.7,-0.3,76.1,19.4,39.1,Normal
45.7,35.2,10.5,77.3,5.8,44.6,Severe Heatwave
36.0,35.8,0.2,77.5,23.0,36.5,Normal
40.5,35.7,4.9,70.3,10.5,41.0,Heatwave
44.7,38.6,6.0,41.8,17.4,44.4,Heatwave
40.9,39.1,1.8,24.4,7.2,41.6,Normal
34.1,36.1,-1.9,54.1,7.5,32.3,Normal
30.0,37.5,-7.5,53.5,15.2,29.3,Normal
42.6,39.2,3.4,71.0,14.9,42.4,Normal
36.8,38.7,-1.9,79.8,19.7,35.6,Normal
39.3,37.7,1.6,50.5,19.4,37.6,Normal
34.6,38.0,-3.4,40.7,17.4,34.3,Normal
37.6,37.5,0.1,31.2,12.3,38.3,Normal
37.6,36.5,1.1,20.3,22.5,38.9,Normal
39.8,37.8,1.9,50.5,16.3,39.2,Normal
35.5,38.4,-2.9,53.3,24.8,36.3,Normal
44.6,39.4,5.2,69.5,20.8,45.2,Heatwave
37.1,38.2,-1.1,50.3,3.0,38.3,Normal
33.9,38.8,-4.9,75.0,9.4,33.6,Normal
36.4,35.8,0.6,57.7,15.2,34.6,Normal
38.4,37.3,1.1,70.4,18.6,38.5,Normal
36.6,35.0,1.6,28.9,14.7,35.6,Normal
42.0,36.2,5.8,71.3,20.1,41.3,Heatwave
38.8,38.6,0.2,60.5,8.5,38.5,Normal
40.5,40.0,0.6,30.2,6.2,40.2,Normal
32.6,35.5,-2.9,31.4,3.2,32.8,Normal
40.9,37.0,3.9,75.6,15.2,41.6,Normal
40.6,39.0,1.6,21.9,17.8,40.3,Normal
35.6,36.0,-0.5,47.8,9.5,35.9,Normal
32.1,37.8,-5.7,38.8,16.1,32.1,Normal
44.7,38.7,6.1,59.9,3.2,45.7,Heatwave
34.8,38.1,-3.3,70.4,4.3,34.6,Normal
34.9,35.9,-1.1,41.6,18.1,34.8,Normal
39.0,36.8,2.3,45.6,10.5,38.7,Normal
35.7,38.9,-3.2,78.9,17.4,35.6,Normal
33.5,37.8,-4.2,67.0,21.1,32.8,Normal
28.6,35.0,-6.4,73.8,21.6,27.7,Normal
42.3,38.8,3.5,46.3,6.0,43.1,Normal
34.3,35.2,-0.9,34.0,13.2,33.2,Normal
50.0,38.7,11.2,44.7,18.9,49.7,Severe Heatwave
33.5,36.0,-2.5,63.0,19.8,34.5,Normal
37.6,39.8,-2.2,26.6,20.0,37.2,Normal
35.9,36.8,-1.0,36.2,7.2,36.7,Normal
38.5,36.6,1.9,22.8,6.4,37.9,Normal
35.1,35.7,-0.6,45.9,15.6,34.0,Normal
39.7,36.5,3.1,69.6,19.0,38.1,Normal
37.0,39.4,-2.4,21.5,9.3,38.3,Normal
36.1,40.0,-3.8,60.5,4.4,35.0,Normal
31.5,36.8,-5.3,75.9,18.5,32.3,Normal
30.5,37.2,-6.8,34.2,8.9,29.5,Normal
37.8,38.6,-0.8,61.6,5.8,39.1,Normal
39.4,39.4,-0.1,78.5,5.4,41.6,Normal
36.8,38.0,-1.2,77.7,9.2,35.1,Normal
42.3,37.0,5.4,34.1,15.6,41.2,Heatwave
42.4,37.1,5.3,26.0,10.2,43.1,Heatwave
38.3,38.5,-0.2,28.9,2.5,38.8,Normal
29.7,35.0,-5.3,62.1,4.2,30.5,Normal
37.1,38.1,-1.0,63.5,8.7,36.5,Normal
35.7,36.8,-1.1,60.5,17.2,37.7,Normal
37.7,39.0,-1.3,40.2,4.3,37.8,Normal
34.0,35.5,-1.4,30.2,14.9,32.8,Normal
36.7,37.9,-1.3,54.8,4.8,36.4,Normal
37.1,37.4,-0.4,49.0,6.9,35.8,Normal
37.0,38.2,-1.2,63.7,6.0,38.6,Normal
37.1,35.3,1.7,46.5,3.5,36.4,Normal
40.2,37.9,2.3,40.3,17.4,40.7,Normal
35.6,37.8,-2.2,37.6,12.7,35.1,Normal
43.3,37.8,5.4,32.7,21.1,42.6,Heatwave
35.6,38.0,-2.4,35.9,4.3,33.7,Normal
33.7,38.4,-4.7,25.7,5.3,34.3,Normal
41.4,39.0,2.3,40.8,9.0,42.7,Normal
34.5,36.3,-1.9,22.2,19.6,33.6,Normal
41.2,39.1,2.1,31.2,9.0,39.7,Normal
30.1,37.5,-7.4,64.8,11.4,30.9,Normal
41.3,35.4,5.9,39.5,8.9,39.6,Heatwave
38.6,35.3,3.4,60.1,3.8,39.9,Normal
32.4,36.7,-4.3,63.0,23.6,31.5,Normal
34.7,38.9,-4.2,54.9,14.6,33.6,Normal
45.4,38.5,6.9,77.5,20.1,45.6,Severe Heatwave
37.4,38.9,-1.6,21.3,17.1,36.3,Normal
35.7,37.6,-1.9,64.3,13.8,35.0,Normal
30.3,37.2,-6.9,77.5,4.1,30.6,Normal
35.5,35.7,-0.2,71.7,16.8,33.1,Normal
36.8,36.6,0.2,30.1,5.6,38.5,Normal
40.7,37.2,3.5,39.6,11.5,40.7,Normal
31.5,35.4,-3.9,30.3,16.5,30.3,Normal
31.8,36.1,-4.3,56.1,20.0,30.8,Normal
40.6,38.0,2.6,62.7,17.8,41.6,Normal
43.2,38.7,4.5,39.0,17.4,43.8,Heatwave
35.5,40.0,-4.5,52.4,5.4,36.9,Normal
44.5,39.7,4.8,61.5,10.0,43.8,Heatwave
39.3,38.2,1.1,45.3,3.0,39.6,Normal
41.9,37.1,4.8,71.2,18.5,42.4,Heatwave
38.9,38.2,0.8,66.3,23.9,39.6,Normal
31.1,38.9,-7.8,23.9,8.1,32.2,Normal
36.1,35.6,0.5,57.3,4.0,35.3,Normal
41.8,37.0,4.7,34.1,12.9,41.6,Heatwave
37.1,39.2,-2.1,53.5,21.7,36.5,Normal
36.6,36.9,-0.4,77.4,14.7,36.5,Normal
38.2,37.9,0.4,72.7,3.1,38.9,Normal
28.8,37.9,-9.1,44.3,24.4,27.1,Normal
42.8,35.9,6.8,37.5,21.1,43.9,Severe Heatwave
34.7,36.8,-2.2,34.1,5.0,33.5,Normal
39.4,36.7,2.8,52.0,23.2,39.1,Normal
35.8,35.1,0.7,26.9,12.4,37.1,Normal
40.5,35.1,5.4,53.0,10.6,40.9,Heatwave
41.6,39.2,2.4,20.1,12.6,41.9,Normal
36.5,36.4,0.2,39.4,21.2,35.4,Normal
35.5,37.6,-2.1,33.2,17.2,34.4,Normal
40.3,36.5,3.8,78.3,3.4,41.2,Normal
34.1,39.7,-5.6,63.6,24.0,33.6,Normal
39.6,36.3,3.3,41.0,5.4,39.1,Normal
34.3,37.1,-2.8,25.6,19.1,35.3,Normal
44.7,39.4,5.4,51.0,16.6,43.7,Heatwave
40.8,39.2,1.6,32.8,6.3,41.0,Normal
39.2,35.9,3.3,52.2,5.9,39.2,Normal
40.3,39.0,1.3,70.1,22.0,40.3,Normal
32.2,37.3,-5.1,56.9,11.7,31.6,Normal
35.4,37.4,-2.0,58.0,17.1,34.8,Normal
39.0,35.7,3.4,52.5,13.6,37.9,Normal
37.0,35.4,1.6,75.6,18.7,37.5,Normal
43.8,38.6,5.1,75.9,13.0,43.1,Heatwave
39.9,37.5,2.4,50.8,8.6,40.9,Normal
34.8,37.2,-2.4,38.3,10.4,34.6,Normal
36.9,38.6,-1.8,47.6,21.8,35.8,Normal
40.2,38.8,1.4,31.2,12.8,39.9,Normal
28.7,35.8,-7.1,58.2,6.9,28.3,Normal
44.9,38.1,6.9,50.0,23.5,45.9,Severe Heatwave
38.2,35.7,2.5,26.2,20.3,37.9,Normal
44.1,38.8,5.3,31.9,3.3,43.8,Heatwave
33.8,38.3,-4.5,48.8,25.0,35.2,Normal
45.1,39.8,5.4,73.3,18.0,45.6,Heatwave
44.2,35.3,8.8,54.0,5.7,45.8,Severe Heatwave
31.7,35.3,-3.6,60.9,7.5,32.9,Normal
40.1,36.4,3.7,40.3,17.9,39.2,Normal
37.3,36.3,1.0,54.3,19.9,38.3,Normal
31.8,36.2,-4.4,46.8,7.5,33.4,Normal
42.3,39.5,2.7,59.5,7.9,43.8,Normal
40.2,36.2,3.9,23.0,9.1,41.2,Normal
35.3,36.4,-1.1,49.6,15.8,36.2,Normal
43.9,38.8,5.1,37.8,6.0,43.6,Heatwave
32.4,37.2,-4.8,39.6,4.4,31.6,Normal
34.7,38.9,-4.2,77.7,17.6,34.3,Normal
36.8,35.3,1.5,31.0,19.9,35.1,Normal
38.5,37.4,1.1,38.7,13.5,39.9,Normal
33.7,35.2,-1.5,50.6,10.4,33.4,Normal
39.1,35.3,3.8,71.8,11.9,40.4,Normal
42.4,39.5,2.9,45.0,10.9,41.2,Normal
39.7,35.7,4.0,64.6,24.1,40.8,Normal
38.2,37.7,0.6,71.4,19.7,37.7,Normal
40.2,37.1,3.1,38.6,6.8,38.9,Normal
36.2,36.7,-0.6,43.6,10.8,37.8,Normal
47.7,39.5,8.2,41.4,14.5,48.8,Severe Heatwave
33.3,35.1,-1.8,70.0,16.1,33.5,Normal
46.7,38.3,8.4,22.7,12.8,46.7,Severe Heatwave
40.9,39.8,1.1,38.5,20.6,41.4,Normal
34.0,37.8,-3.8,60.8,19.7,34.2,Normal
45.5,39.7,5.8,53.9,13.6,44.7,Heatwave
36.7,35.3,1.4,46.2,21.7,36.3,Normal
41.1,37.1,4.0,52.4,19.3,43.0,Normal
41.6,36.3,5.3,31.9,19.9,44.3,Heatwave
40.8,38.7,2.2,45.8,24.0,42.4,Normal
38.8,39.9,-1.1,50.1,8.1,39.3,Normal
40.7,36.3,4.4,74.1,8.2,40.4,Normal
39.3,38.3,1.0,35.7,22.4,38.5,Normal
39.4,36.0,3.4,72.1,19.8,38.7,Normal
31.3,37.8,-6.5,58.7,23.3,30.7,Normal
39.9,37.3,2.6,21.2,3.5,42.0,Normal
38.6,39.9,-1.2,63.5,16.4,40.4,Normal
44.8,38.0,6.8,22.1,5.3,45.6,Severe Heatwave
39.9,36.7,3.2,79.8,13.6,39.0,Normal
37.4,35.6,1.8,72.4,5.6,38.3,Normal
38.5,35.8,2.7,37.8,4.9,38.2,Normal
33.6,36.1,-2.5,35.4,2.3,31.5,Normal
42.9,36.3,6.7,42.9,16.5,43.2,Severe Heatwave
47.2,39.3,8.0,41.4,10.3,46.4,Severe Heatwave
40.2,37.8,2.4,42.3,4.4,39.4,Normal
44.2,37.6,6.6,39.1,9.4,43.9,Severe Heatwave
34.6,35.6,-1.0,57.3,5.9,34.1,Normal
37.5,39.3,-1.8,29.9,23.7,37.5,Normal
39.8,38.6,1.1,70.8,9.4,39.7,Normal
37.9,35.3,2.5,68.7,9.7,36.0,Normal
38.2,38.5,-0.4,48.6,21.3,39.7,Normal
40.6,37.7,2.9,71.2,16.9,39.6,Normal
37.5,35.4,2.1,34.8,18.3,36.5,Normal
34.8,37.3,-2.5,21.1,16.6,34.5,Normal
40.2,37.4,2.8,57.2,23.8,40.1,Normal
39.9,35.8,4.0,47.5,6.8,41.3,Normal
41.3,39.7,1.6,54.0,24.7,41.6,Normal
44.3,39.2,5.0,74.0,21.1,44.9,Heatwave
35.1,38.3,-3.3,78.2,15.5,35.4,Normal
39.9,37.3,2.6,58.1,17.2,40.2,Normal
34.0,37.1,-3.1,65.8,16.9,34.3,Normal
35.4,38.3,-2.9,25.0,3.3,33.4,Normal
36.5,37.7,-1.2,29.6,7.0,36.3,Normal
33.0,35.3,-2.3,64.0,24.1,34.2,Normal
36.6,37.6,-0.9,45.9,14.3,40.6,Normal
39.3,39.0,0.3,46.8,10.7,38.1,Normal
41.2,37.3,3.9,38.5,19.5,41.6,Normal
35.1,35.3,-0.1,56.4,14.1,34.6,Normal
34.4,38.9,-4.5,31.1,2.3,36.4,Normal
41.0,36.0,5.0,57.6,18.9,39.6,Heatwave
34.4,36.3,-1.9,30.4,18.8,35.0,Normal
36.6,35.8,0.8,23.8,5.8,35.2,Normal
39.2,36.7,2.6,39.8,24.0,38.9,Normal
40.5,38.8,1.7,33.9,7.1,40.4,Normal
42.4,37.6,4.8,73.3,12.5,43.5,Heatwave
38.7,36.0,2.7,23.3,4.6,37.6,Normal
37.4,39.4,-2.0,30.6,15.9,38.0,Normal
48.0,39.4,8.6,52.9,10.6,48.0,Severe Heatwave
41.0,39.4,1.7,48.9,10.1,41.3,Normal
36.7,36.2,0.5,22.8,21.0,37.6,Normal
41.6,37.3,4.4,20.4,2.2,40.3,Normal
41.8,39.9,1.9,79.3,20.4,42.6,Normal
41.3,38.9,2.4,59.5,15.1,40.7,Normal
44.9,35.1,9.7,41.9,24.7,46.0,Severe Heatwave
35.4,35.3,0.0,48.2,15.6,35.7,Normal
37.2,37.3,-0.1,36.0,3.3,37.0,Normal
41.0,39.5,1.4,40.7,3.2,40.4,Normal
42.4,37.7,4.8,58.9,22.3,43.3,Heatwave
33.2,37.5,-4.3,73.0,21.3,34.5,Normal
29.6,35.5,-5.9,31.0,10.0,29.1,Normal
37.2,38.3,-1.1,70.4,16.2,36.1,Normal
34.4,39.1,-4.7,27.3,13.3,35.1,Normal
36.4,36.9,-0.5,32.9,24.2,35.0,Normal
41.6,38.9,2.8,22.2,23.8,40.3,Normal
37.7,39.8,-2.1,28.4,24.6,36.6,Normal
32.0,36.0,-4.0,75.0,21.9,31.6,Normal
38.9,37.6,1.2,47.6,22.9,37.5,Normal
40.5,36.4,4.0,24.7,7.0,38.5,Normal
34.0,39.0,-4.9,77.6,21.1,32.9,Normal
41.8,37.9,3.9,72.7,18.3,42.4,Normal
42.0,38.2,3.9,65.3,24.1,40.8,Normal
43.3,39.0,4.3,76.0,15.1,43.0,Normal
42.2,37.0,5.3,33.2,4.0,44.2,Heatwave
48.3,39.6,8.7,70.2,15.7,48.2,Severe Heatwave
37.4,37.7,-0.2,61.4,17.8,37.8,Normal
37.2,35.8,1.4,72.2,7.1,36.2,Normal
38.0,38.5,-0.5,67.8,11.1,40.2,Normal
40.0,39.0,1.0,40.8,15.8,39.4,Normal
42.9,36.6,6.4,66.5,10.6,42.7,Heatwave
35.6,39.3,-3.7,35.7,10.6,36.9,Normal
37.5,39.5,-2.0,39.7,5.1,37.3,Normal
42.2,36.4,5.8,26.5,23.6,42.3,Heatwave
44.5,39.9,4.6,76.1,19.3,44.2,Heatwave
35.4,35.7,-0.3,37.5,2.0,35.2,Normal
40.0,36.0,4.0,51.2,19.6,40.4,Normal
38.1,35.9,2.2,43.5,19.0,38.7,Normal
45.7,39.5,6.3,77.6,2.2,45.1,Heatwave
39.5,38.3,1.3,40.1,10.5,38.8,Normal
40.4,35.8,4.6,66.7,16.0,39.7,Heatwave
47.4,37.2,10.2,71.3,12.4,46.0,Severe Heatwave
41.2,38.1,3.1,46.1,19.9,39.6,Normal
36.6,35.4,1.2,42.7,11.8,36.9,Normal
42.9,39.4,3.5,64.9,5.5,43.9,Normal
38.7,39.0,-0.3,74.8,24.5,39.6,Normal
46.9,37.5,9.4,65.3,7.6,44.5,Severe Heatwave
41.5,39.8,1.6,33.6,18.5,41.2,Normal
37.1,37.1,0.0,73.3,5.3,36.0,Normal
38.0,39.9,-1.9,43.3,9.6,38.1,Normal
43.2,38.3,4.8,54.6,12.2,42.8,Heatwave
42.2,38.2,4.0,69.9,6.4,42.8,Normal
35.1,35.8,-0.7,31.3,12.3,35.1,Normal
42.4,39.4,3.0,67.1,5.6,40.5,Normal
32.9,37.1,-4.3,55.8,14.9,31.9,Normal
37.5,35.8,1.6,73.6,17.3,37.5,Normal
37.6,35.1,2.6,30.3,3.4,37.7,Normal
44.8,37.8,7.0,45.2,22.0,43.4,Severe Heatwave
35.9,37.6,-1.7,70.0,6.3,34.4,Normal
35.1,38.6,-3.5,21.2,7.2,35.2,Normal
37.3,39.5,-2.1,26.7,17.2,35.9,Normal
31.7,35.4,-3.7,79.4,12.8,30.1,Normal
44.3,38.7,5.7,36.8,13.5,43.9,Heatwave
42.4,35.9,6.4,78.5,4.9,41.9,Severe Heatwave
41.4,39.3,2.1,31.0,20.5,40.5,Normal
44.4,39.1,5.3,41.7,16.2,43.7,Heatwave
39.2,37.7,1.5,65.2,5.1,39.2,Normal
39.2,38.6,0.7,59.5,10.6,38.5,Normal
36.4,36.6,-0.2,54.9,20.6,36.5,Normal
37.3,37.4,-0.1,51.8,15.1,36.9,Normal
34.7,39.1,-4.4,70.6,4.5,34.9,Normal
39.2,37.3,1.9,34.1,10.6,40.1,Normal
37.6,36.8,0.9,46.5,7.6,38.5,Normal
41.1,37.5,3.6,29.3,13.9,42.4,Normal
40.5,39.1,1.3,55.8,21.4,41.3,Normal
37.1,36.7,0.4,35.0,12.0,37.3,Normal
33.8,35.9,-2.0,40.0,12.0,33.4,Normal
39.8,38.6,1.3,48.3,22.8,39.4,Normal
42.7,39.1,3.6,21.6,15.3,41.8,Normal
32.5,35.5,-3.0,25.5,15.0,32.5,Normal
37.5,36.2,1.3,61.2,8.0,38.2,Normal
37.5,35.7,1.8,45.7,16.0,36.8,Normal
35.2,36.7,-1.5,71.9,15.2,35.2,Normal
36.2,37.3,-1.1,61.7,11.1,35.5,Normal
40.6,38.7,1.8,20.5,24.8,40.8,Normal
35.3,38.3,-3.0,57.0,22.3,34.7,Normal
40.3,38.1,2.2,25.6,19.2,39.6,Normal
34.6,36.8,-2.1,66.9,14.4,33.9,Normal
43.9,39.2,4.7,79.5,12.6,44.4,Heatwave
46.5,37.4,9.2,51.9,6.3,46.4,Severe Heatwave
37.9,39.9,-2.0,61.0,9.0,37.5,Normal
41.0,38.2,2.9,34.2,19.8,41.3,Normal
34.1,35.6,-1.5,46.3,12.4,33.7,Normal
43.0,38.4,4.6,71.4,22.3,44.2,Heatwave
33.2,36.6,-3.4,30.0,5.4,32.2,Normal
41.1,38.4,2.7,35.9,13.7,40.9,Normal
33.3,35.3,-2.1,46.7,16.9,31.9,Normal
36.1,35.9,0.3,62.7,13.9,35.8,Normal
36.7,39.3,-2.6,42.6,22.5,35.0,Normal
40.0,36.1,3.9,75.7,24.8,40.8,Normal
37.3,39.2,-1.9,25.7,4.7,38.0,Normal
39.3,36.4,2.9,42.2,5.0,40.1,Normal
38.0,38.2,-0.2,62.5,5.0,38.0,Normal
39.1,38.5,0.6,33.6,17.7,38.2,Normal
39.1,37.6,1.5,59.4,10.6,38.3,Normal
34.9,36.5,-1.7,29.9,18.9,36.4,Normal
37.8,36.1,1.7,23.4,11.3,39.2,Normal
41.5,35.2,6.4,27.3,16.4,41.6,Heatwave
34.8,36.5,-1.7,75.8,19.7,34.3,Normal
43.4,38.3,5.1,53.1,14.6,44.7,Heatwave
45.9,39.7,6.2,67.8,14.4,45.2,Heatwave
37.5,39.4,-1.9,40.0,4.0,37.7,Normal
34.7,38.8,-4.1,55.6,11.4,36.1,Normal
41.0,38.9,2.1,49.7,14.6,40.2,Normal
37.4,38.3,-0.9,76.7,12.6,38.2,Normal
43.8,36.3,7.5,64.9,22.7,44.4,Severe Heatwave
40.7,39.5,1.1,63.8,22.9,40.6,Normal
36.5,38.4,-1.8,22.8,20.9,35.6,Normal
34.8,37.8,-3.0,53.0,10.6,34.1,Normal
40.4,35.6,4.8,48.0,18.5,40.7,Heatwave
36.2,37.2,-1.0,75.7,11.1,34.8,Normal
38.5,37.3,1.2,35.4,7.3,38.6,Normal
43.7,39.3,4.3,36.2,9.9,44.2,Normal
37.0,37.7,-0.7,44.7,3.6,38.0,Normal
37.7,36.9,0.8,34.6,9.6,36.3,Normal
40.8,39.9,0.9,27.8,12.6,42.1,Normal
38.9,35.6,3.4,71.4,24.0,40.6,Normal
40.2,37.1,3.1,53.5,9.2,40.6,Normal
35.4,35.2,0.2,71.7,22.8,34.4,Normal
39.9,38.7,1.2,69.9,7.3,39.6,Normal
39.3,39.6,-0.3,36.9,6.4,39.2,Normal
32.2,36.4,-4.2,52.9,13.9,32.5,Normal
41.2,39.3,1.9,25.0,17.5,41.2,Normal
44.1,36.5,7.6,74.9,3.0,44.4,Severe Heatwave
37.5,39.6,-2.1,44.3,7.1,37.4,Normal
37.1,38.8,-1.7,43.6,12.5,37.3,Normal
37.0,39.0,-2.0,38.2,9.6,36.5,Normal
38.6,35.1,3.5,47.6,18.4,38.3,Normal
42.4,39.8,2.6,35.1,13.8,41.8,Normal
39.1,38.6,0.4,42.5,5.7,41.0,Normal
34.3,36.5,-2.2,68.0,22.6,35.8,Normal
40.5,39.1,1.3,70.1,8.7,41.0,Normal
31.9,36.4,-4.5,38.3,18.8,33.3,Normal
40.9,39.4,1.5,48.1,19.9,41.7,Normal
39.6,35.6,4.1,72.4,24.2,39.8,Normal
35.1,38.5,-3.4,23.2,13.5,33.6,Normal
33.3,37.7,-4.4,73.3,16.2,33.1,Normal
42.0,35.5,6.5,33.2,9.7,41.7,Severe Heatwave
35.1,36.2,-1.1,60.7,17.6,33.9,Normal
40.0,35.1,5.0,55.0,12.7,38.6,Heatwave
37.8,37.3,0.5,53.2,12.1,38.3,Normal
36.9,36.5,0.4,71.6,21.7,37.3,Normal
40.5,38.0,2.5,26.1,3.2,39.4,Normal
34.4,36.5,-2.1,40.8,22.3,33.6,Normal
38.0,36.5,1.5,52.3,21.6,39.1,Normal
38.4,38.7,-0.3,68.7,13.6,37.5,Normal
31.6,35.2,-3.6,33.0,13.3,31.8,Normal
41.7,39.5,2.2,68.2,10.3,41.5,Normal
39.3,39.3,0.1,44.0,24.9,39.8,Normal
38.8,38.3,0.5,31.3,4.6,37.9,Normal
34.7,38.0,-3.2,65.5,15.6,34.8,Normal
46.0,39.5,6.6,25.5,17.7,46.2,Severe Heatwave
40.0,35.9,4.1,50.9,23.5,40.2,Normal
39.8,35.4,4.4,23.8,19.9,39.8,Normal
36.1,36.2,-0.1,41.4,16.8,36.5,Normal
33.9,39.0,-5.1,56.1,4.7,36.1,Normal
43.0,35.2,7.8,53.4,10.6,45.6,Severe Heatwave
38.7,37.9,0.8,44.3,5.2,38.1,Normal
38.4,40.0,-1.6,45.7,22.3,36.0,Normal
41.7,39.3,2.5,33.6,19.2,42.3,Normal
42.7,37.6,5.1,47.4,19.4,42.9,Heatwave
36.2,35.3,0.9,77.2,17.0,37.3,Normal
44.6,39.2,5.5,71.0,13.7,44.9,Heatwave
42.8,38.0,4.8,28.7,5.4,42.8,Heatwave
32.8,35.6,-2.8,21.8,9.6,33.9,Normal
34.1,35.5,-1.4,76.0,5.1,35.4,Normal
43.9,39.5,4.4,51.6,18.7,42.5,Normal
29.9,38.3,-8.5,52.3,5.7,29.0,Normal
39.6,39.1,0.5,66.8,18.1,39.5,Normal
35.4,39.4,-4.0,38.9,17.9,35.5,Normal
37.2,37.9,-0.7,48.9,12.6,37.0,Normal
37.5,37.6,-0.0,78.1,5.1,38.0,Normal
36.9,37.2,-0.3,60.3,9.2,37.9,Normal
35.7,36.6,-0.9,29.2,9.4,37.4,Normal
34.3,37.2,-2.8,28.0,18.1,34.9,Normal
47.9,38.9,9.0,32.3,4.6,47.0,Severe Heatwave
45.5,38.0,7.5,66.0,21.1,45.4,Severe Heatwave
36.4,39.5,-3.1,37.7,19.5,36.3,Normal
43.8,37.2,6.5,21.3,6.3,44.3,Severe Heatwave
37.6,38.0,-0.4,76.7,18.5,38.0,Normal
39.6,38.2,1.5,30.2,17.4,41.7,Normal
38.7,38.0,0.8,20.6,19.2,38.3,Normal
37.2,38.5,-1.3,34.2,6.3,37.6,Normal
40.6,36.2,4.4,34.1,5.6,43.0,Normal
39.0,37.6,1.4,45.3,7.4,38.4,Normal
34.9,35.5,-0.7,75.2,10.4,35.0,Normal
33.4,36.9,-3.6,72.8,20.3,32.4,Normal
35.3,37.4,-2.1,47.4,19.0,35.4,Normal
33.5,38.3,-4.7,44.7,23.3,32.7,Normal
40.8,39.8,1.0,53.3,3.3,41.8,Normal
34.8,38.0,-3.2,34.6,2.3,35.0,Normal
38.8,38.7,0.1,23.1,18.1,37.9,Normal
43.3,37.5,5.8,76.4,8.4,44.2,Heatwave
43.4,38.2,5.2,31.2,9.7,43.5,Heatwave
36.2,35.4,0.9,31.9,14.6,37.2,Normal
37.0,36.3,0.7,48.3,4.4,35.8,Normal
44.4,36.8,7.6,49.5,16.8,44.8,Severe Heatwave
40.2,37.4,2.8,21.1,9.5,41.0,Normal
35.1,35.2,-0.1,28.9,16.6,34.7,Normal
31.7,35.7,-4.0,42.7,21.2,30.5,Normal
38.8,36.4,2.4,61.0,5.9,38.7,Normal
43.8,39.9,3.9,33.7,23.4,45.0,Normal
35.4,36.7,-1.2,45.4,14.2,36.6,Normal
39.4,37.4,2.0,53.4,23.2,39.0,Normal
35.7,36.0,-0.3,73.3,6.8,34.4,Normal
38.4,38.1,0.4,39.6,15.9,38.0,Normal
28.7,36.4,-7.7,28.0,11.3,28.2,Normal
36.3,36.0,0.2,49.4,19.8,36.7,Normal
42.0,37.6,4.4,64.8,15.9,41.9,Normal
33.8,35.0,-1.2,26.6,13.4,33.1,Normal
36.2,35.0,1.2,45.5,23.0,37.3,Normal
34.4,36.1,-1.6,21.1,10.7,34.6,Normal
37.4,35.2,2.3,22.0,7.1,37.9,Normal
35.8,35.5,0.2,49.0,16.0,34.1,Normal
34.4,36.7,-2.3,37.9,16.4,32.0,Normal
44.7,39.0,5.7,70.7,12.1,43.2,Heatwave
42.1,37.9,4.3,56.1,13.2,41.6,Normal
36.4,37.6,-1.1,47.2,24.1,37.0,Normal
39.2,36.5,2.7,44.5,18.9,36.9,Normal
42.5,39.7,2.9,49.8,4.5,44.1,Normal
40.2,37.0,3.2,22.4,6.9,40.4,Normal
30.5,35.4,-4.9,73.6,24.4,31.9,Normal
42.6,38.1,4.5,79.9,18.7,41.7,Heatwave
34.6,35.6,-1.0,30.9,23.0,35.1,Normal
36.5,36.7,-0.3,27.2,9.0,36.6,Normal
47.8,37.5,10.2,28.6,19.1,48.6,Severe Heatwave
41.4,39.4,2.1,59.7,18.4,41.2,Normal
37.1,37.5,-0.4,59.7,8.8,37.6,Normal
31.8,38.5,-6.7,70.9,14.7,32.9,Normal
45.8,40.0,5.9,65.1,16.4,45.2,Heatwave
31.9,35.7,-3.7,47.0,13.1,32.2,Normal
33.9,36.4,-2.5,56.8,21.0,32.0,Normal
36.8,37.0,-0.2,61.3,21.2,37.5,Normal
43.1,37.1,6.0,50.8,21.6,45.0,Heatwave
40.8,37.1,3.7,48.5,20.5,39.5,Normal
40.0,39.5,0.4,58.7,13.2,39.9,Normal
40.6,38.6,2.1,53.4,10.8,41.5,Normal
36.9,38.0,-1.1,58.6,21.1,37.0,Normal
38.0,36.5,1.5,56.8,13.3,38.2,Normal
40.4,39.1,1.3,63.2,7.7,40.0,Normal
44.2,39.8,4.4,58.6,13.7,43.7,Normal
43.5,39.1,4.4,51.2,5.3,43.4,Normal
37.7,35.0,2.7,60.9,17.9,37.8,Normal
37.9,38.2,-0.3,47.0,9.7,36.7,Normal
38.9,35.3,3.6,34.5,8.0,38.8,Normal
37.0,36.3,0.7,20.1,24.0,38.5,Normal
32.5,35.3,-2.8,53.6,19.9,32.1,Normal
37.6,38.0,-0.4,55.4,20.1,36.4,Normal
39.7,38.4,1.3,78.3,16.3,39.6,Normal
39.8,35.6,4.2,41.7,21.3,39.0,Normal
37.3,36.9,0.4,43.6,19.5,35.9,Normal
34.0,37.3,-3.2,32.1,15.8,34.2,Normal
38.0,36.8,1.2,24.2,24.1,37.3,Normal
37.0,35.6,1.4,66.4,6.4,36.4,Normal
38.7,37.1,1.7,35.0,23.7,38.9,Normal
43.0,38.8,4.2,56.5,11.2,41.4,Normal
39.9,35.4,4.6,61.3,14.2,38.2,Normal
34.3,35.4,-1.1,48.3,4.8,35.0,Normal
35.6,36.8,-1.2,72.6,14.4,33.7,Normal
37.1,39.7,-2.6,46.6,16.1,36.1,Normal
41.8,38.3,3.4,37.1,24.9,40.0,Normal
44.5,38.4,6.1,73.8,24.4,44.0,Heatwave
36.7,36.8,-0.1,71.7,24.2,37.1,Normal
38.1,38.0,0.2,29.8,10.0,38.2,Normal
41.2,35.1,6.1,21.6,24.8,43.6,Heatwave
40.9,38.2,2.8,25.4,12.5,42.0,Normal
42.1,39.6,2.5,37.2,21.6,41.2,Normal
34.9,38.1,-3.2,78.3,7.0,33.7,Normal
42.7,39.4,3.4,53.5,13.6,45.5,Normal
36.4,38.6,-2.3,42.4,24.2,37.4,Normal
32.6,35.6,-3.0,73.3,23.8,33.2,Normal
39.3,39.5,-0.2,47.2,17.7,39.4,Normal
34.3,35.3,-1.1,38.9,20.3,34.6,Normal
37.9,37.7,0.2,76.5,6.1,36.4,Normal
31.7,35.7,-4.0,71.0,18.6,31.8,Normal
39.4,35.1,4.4,70.6,16.2,39.5,Normal
42.1,37.1,4.9,50.7,4.1,41.2,Heatwave
30.7,36.5,-5.8,67.4,4.6,30.1,Normal
41.9,37.4,4.4,30.8,4.5,43.4,Normal
36.0,37.9,-1.8,54.4,18.7,35.9,Normal
39.2,35.2,4.0,79.0,5.3,41.3,Normal
36.4,35.6,0.8,37.5,12.8,34.6,Normal
38.9,37.8,1.1,67.7,10.2,38.4,Normal
37.1,36.7,0.4,49.4,14.7,35.5,Normal
43.9,38.6,5.2,22.4,18.2,42.7,Heatwave
34.9,38.3,-3.3,65.8,17.7,34.1,Normal
42.4,39.2,3.1,30.1,13.9,42.7,Normal
43.3,38.5,4.9,57.9,12.7,43.6,Heatwave
40.7,37.1,3.5,25.1,11.1,40.0,Normal
47.5,38.4,9.1,76.8,21.8,45.3,Severe Heatwave
35.5,36.4,-0.9,37.5,9.6,37.0,Normal
40.9,36.5,4.4,33.6,8.0,40.6,Normal
39.6,38.9,0.6,27.7,19.1,38.5,Normal
42.5,37.2,5.3,76.8,10.3,42.8,Heatwave
40.0,39.0,1.0,62.7,21.5,40.2,Normal
38.8,39.1,-0.4,64.5,9.5,38.4,Normal
44.9,39.3,5.6,50.0,18.1,45.0,Heatwave
38.9,39.6,-0.7,48.5,3.0,37.7,Normal
33.2,37.2,-3.9,26.6,10.9,34.0,Normal
35.8,36.6,-0.8,53.6,9.9,34.8,Normal
41.1,37.9,3.2,34.8,20.8,40.5,Normal
42.7,36.9,5.9,78.6,24.2,43.4,Heatwave
39.4,38.0,1.4,67.8,12.6,40.6,Normal
44.1,38.5,5.6,44.8,21.0,45.7,Heatwave
34.7,38.4,-3.8,29.1,18.1,35.7,Normal
36.3,36.9,-0.6,67.1,24.2,36.0,Normal
35.8,35.8,-0.0,27.3,20.7,34.3,Normal
37.8,37.2,0.6,31.4,3.8,39.2,Normal
37.0,35.7,1.3,32.7,18.4,38.4,Normal
42.9,39.5,3.4,53.4,14.3,42.2,Normal
36.2,36.7,-0.6,67.2,2.4,37.1,Normal
37.3,35.8,1.5,38.9,7.8,36.9,Normal
36.0,35.1,0.8,25.1,23.2,37.5,Normal
36.0,38.2,-2.2,47.9,23.3,35.5,Normal
38.8,38.2,0.6,64.9,20.4,40.8,Normal
37.2,36.7,0.5,33.3,24.6,38.0,Normal
35.8,35.4,0.4,33.2,20.6,37.6,Normal
38.2,37.0,1.1,76.8,2.2,37.7,Normal
37.8,36.6,1.3,77.2,8.6,38.2,Normal
37.9,38.4,-0.5,79.4,2.7,36.9,Normal
43.5,38.0,5.5,68.5,4.2,44.3,Heatwave
33.7,36.8,-3.1,31.3,7.0,34.6,Normal
34.6,36.1,-1.5,32.7,13.6,37.0,Normal
50.7,39.9,10.7,40.4,21.5,51.2,Severe Heatwave
34.6,37.3,-2.6,39.1,21.8,35.4,Normal
34.7,38.4,-3.7,77.4,16.2,34.2,Normal
39.3,35.7,3.6,67.3,23.3,39.8,Normal
31.2,37.4,-6.3,63.4,13.5,30.8,Normal
35.3,35.1,0.2,31.2,22.4,35.4,Normal
46.0,37.5,8.5,74.6,12.4,46.2,Severe Heatwave
35.4,39.8,-4.4,69.7,8.4,35.1,Normal
31.0,36.9,-5.9,29.8,23.1,31.0,Normal
30.9,35.2,-4.2,72.3,10.9,30.6,Normal
39.3,35.2,4.1,36.3,13.6,38.9,Normal
41.9,36.9,4.9,24.9,9.6,43.0,Heatwave
35.0,35.8,-0.8,59.4,17.2,35.2,Normal
38.5,35.1,3.4,59.2,24.9,38.9,Normal
44.6,38.8,5.9,25.7,2.6,43.2,Heatwave
44.5,37.3,7.3,39.1,22.7,45.0,Severe Heatwave
36.6,36.4,0.1,79.6,2.1,37.1,Normal
32.4,39.5,-7.1,60.7,10.4,32.0,Normal
33.7,35.6,-1.9,63.8,5.9,35.8,Normal
39.3,39.8,-0.5,32.8,19.4,37.0,Normal
36.7,36.6,0.1,24.7,3.2,37.4,Normal
39.8,39.4,0.3,36.6,14.7,40.5,Normal
42.9,38.0,4.9,34.9,8.8,43.5,Heatwave
44.6,39.1,5.5,34.1,5.1,44.8,Heatwave
40.3,39.9,0.4,31.6,19.8,40.9,Normal
41.3,36.4,4.8,54.5,7.0,42.2,Heatwave
42.1,39.8,2.3,39.7,7.1,41.3,Normal
38.2,36.9,1.2,69.2,8.3,38.5,Normal
41.1,36.9,4.2,31.0,15.5,40.9,Normal
38.0,36.7,1.3,47.9,17.2,36.9,Normal
45.9,37.7,8.2,20.8,2.4,46.6,Severe Heatwave
31.7,35.8,-4.0,48.9,7.6,31.2,Normal
37.0,37.8,-0.8,23.4,11.9,35.5,Normal
38.3,37.7,0.6,78.7,9.6,37.7,Normal
41.3,38.8,2.5,67.4,22.3,40.5,Normal
44.6,39.2,5.4,49.4,20.1,45.6,Heatwave
38.1,37.2,0.9,25.2,16.4,38.3,Normal
32.5,36.5,-4.0,55.5,9.8,33.9,Normal
40.2,36.3,3.9,65.5,18.1,39.6,Normal
39.6,36.0,3.6,31.4,21.4,40.5,Normal
29.5,35.3,-5.8,54.1,15.7,32.3,Normal
37.7,36.7,1.0,68.9,20.0,38.1,Normal
31.8,36.4,-4.6,66.1,19.2,32.6,Normal
38.5,39.8,-1.3,68.2,15.1,39.2,Normal
35.6,37.8,-2.2,72.8,9.2,34.2,Normal
40.6,36.7,3.8,76.3,19.2,41.2,Normal
39.3,37.9,1.4,44.3,6.8,39.6,Normal
32.2,35.7,-3.5,54.1,19.9,31.9,Normal
41.3,37.2,4.1,67.4,20.5,40.4,Normal
34.1,38.1,-4.0,61.8,20.9,34.8,Normal
39.6,37.4,2.2,79.7,12.9,38.6,Normal
35.2,37.0,-1.8,20.8,6.4,37.3,Normal
39.7,40.0,-0.3,41.3,4.3,39.8,Normal
42.2,39.4,2.8,36.9,19.1,40.9,Normal
40.9,38.1,2.8,35.7,22.4,40.4,Normal
43.5,37.8,5.7,33.4,17.0,43.2,Heatwave
38.8,38.1,0.7,62.5,5.3,41.2,Normal
38.1,36.0,2.1,25.1,23.5,37.2,Normal
36.4,37.0,-0.5,64.5,24.7,36.3,Normal
36.8,35.2,1.6,61.6,12.0,36.3,Normal
39.9,37.4,2.5,35.0,15.7,40.4,Normal
38.4,37.7,0.7,35.2,19.9,37.8,Normal
30.8,36.1,-5.3,57.7,18.9,29.7,Normal
42.0,39.8,2.2,65.7,24.3,41.8,Normal
41.8,39.5,2.3,72.6,4.6,41.5,Normal
37.2,38.6,-1.4,71.1,15.4,36.6,Normal
34.2,37.7,-3.5,77.9,17.9,33.6,Normal
45.5,39.3,6.2,54.9,22.5,46.7,Heatwave
38.4,35.7,2.7,74.5,22.1,38.1,Normal
39.2,39.0,0.2,68.5,24.5,38.0,Normal
32.6,35.6,-3.0,73.7,13.8,32.2,Normal
37.1,39.0,-1.9,20.7,21.1,37.1,Normal
41.9,36.4,5.6,78.0,11.8,40.6,Heatwave
40.9,39.4,1.5,48.4,11.7,42.5,Normal
38.8,39.7,-0.9,67.9,7.8,39.7,Normal
38.5,35.7,2.8,27.6,20.8,40.0,Normal
35.5,37.3,-1.9,43.8,24.7,35.9,Normal
46.2,39.9,6.3,36.3,7.9,44.1,Heatwave
43.2,37.4,5.7,37.5,3.3,44.7,Heatwave
38.7,39.3,-0.6,27.4,20.8,37.8,Normal
36.7,37.9,-1.2,68.3,16.3,36.0,Normal
28.7,36.9,-8.2,20.6,24.1,28.9,Normal
32.2,36.4,-4.2,38.8,7.8,33.6,Normal
32.3,36.0,-3.7,30.5,3.6,33.4,Normal
40.3,38.8,1.5,55.3,13.3,41.2,Normal
36.8,36.9,-0.1,35.3,4.0,36.5,Normal
33.8,37.6,-3.7,35.5,8.0,33.5,Normal
37.5,37.5,0.0,49.3,4.9,37.8,Normal
40.7,37.9,2.8,59.2,7.2,40.5,Normal
42.2,39.3,2.8,27.3,4.4,43.1,Normal
34.3,39.9,-5.6,30.5,23.9,35.1,Normal
37.6,37.0,0.6,34.8,8.4,38.2,Normal
35.3,39.1,-3.8,78.4,12.2,32.8,Normal
43.0,38.8,4.2,43.8,22.7,43.1,Normal
41.6,37.9,3.7,55.9,17.6,41.5,Normal
37.6,39.8,-2.1,34.5,16.2,37.8,Normal
34.3,36.0,-1.7,49.4,18.2,33.6,Normal
34.9,35.5,-0.6,24.4,21.1,33.6,Normal
32.4,39.3,-6.9,22.1,22.2,32.8,Normal
39.4,37.2,2.2,48.1,16.8,39.0,Normal
39.3,39.2,0.0,43.9,22.5,39.9,Normal
43.9,39.5,4.4,28.2,14.3,43.2,Normal
32.5,35.3,-2.8,61.3,8.4,33.9,Normal
38.3,39.4,-1.2,79.6,22.2,39.3,Normal
33.0,37.2,-4.3,43.7,14.5,33.3,Normal
35.0,37.6,-2.5,57.5,22.8,34.8,Normal
35.0,38.1,-3.1,77.8,2.9,35.8,Normal
44.1,39.6,4.5,69.9,11.1,44.5,Normal
33.7,35.1,-1.4,47.8,23.8,33.9,Normal
38.8,37.4,1.4,64.2,7.7,39.9,Normal
38.1,38.4,-0.3,27.7,23.7,39.5,Normal
35.2,38.6,-3.4,50.7,23.9,33.9,Normal
38.9,38.5,0.4,36.7,22.3,37.8,Normal
38.8,35.7,3.1,29.7,15.0,38.0,Normal
33.3,36.5,-3.2,45.6,16.9,31.8,Normal
40.6,36.8,3.8,27.9,22.0,40.6,Normal
37.0,39.0,-2.0,61.9,19.8,37.6,Normal
35.7,36.4,-0.7,47.4,16.5,35.7,Normal
38.9,36.1,2.9,51.9,24.6,38.4,Normal
38.5,39.8,-1.3,28.8,17.8,39.6,Normal
36.2,35.0,1.1,28.4,24.4,36.3,Normal
39.9,40.0,-0.1,55.0,3.3,40.2,Normal
39.8,38.4,1.5,79.1,5.2,41.0,Normal
31.8,39.1,-7.3,25.8,12.4,31.7,Normal
31.1,36.5,-5.4,37.1,10.9,33.1,Normal
38.2,35.1,3.2,72.2,20.0,37.8,Normal
43.3,38.7,4.6,24.3,5.7,45.3,Heatwave
37.0,39.2,-2.2,72.6,24.5,36.0,Normal
38.8,38.7,0.1,51.5,9.2,39.4,Normal
37.7,35.7,2.0,44.5,11.9,37.1,Normal
42.2,38.8,3.4,38.6,8.3,43.3,Normal
32.7,38.8,-6.1,37.8,15.3,32.3,Normal
36.2,38.3,-2.1,38.3,3.3,36.5,Normal
38.7,38.8,-0.2,73.1,5.4,38.0,Normal
42.7,39.2,3.5,63.4,19.2,43.6,Normal
47.8,38.1,9.7,60.2,6.3,47.2,Severe Heatwave
35.6,35.4,0.2,67.9,7.4,37.3,Normal
33.5,37.4,-3.9,35.4,20.2,32.5,Normal
37.8,35.4,2.4,57.1,4.1,36.5,Normal
42.7,37.0,5.6,47.6,12.1,43.6,Heatwave
38.4,37.0,1.4,66.9,2.5,37.8,Normal
33.2,35.3,-2.2,38.6,10.0,33.1,Normal
41.1,36.7,4.4,58.6,18.1,40.8,Normal
38.9,35.6,3.3,72.9,4.1,37.6,Normal
36.4,39.0,-2.6,44.1,22.4,36.4,Normal
42.1,39.7,2.3,24.0,22.9,43.3,Normal
39.9,35.4,4.5,51.0,4.4,40.9,Normal
44.9,39.8,5.1,40.8,24.8,45.1,Heatwave
38.4,37.6,0.8,60.3,8.8,39.5,Normal
36.2,36.5,-0.3,77.1,3.9,35.2,Normal
40.7,35.4,5.3,49.1,2.1,40.4,Heatwave
34.3,37.5,-3.2,48.0,11.4,34.7,Normal
41.5,39.0,2.5,59.3,16.5,41.4,Normal
34.7,38.5,-3.8,26.2,9.6,34.5,Normal
40.0,35.3,4.7,35.2,21.2,38.8,Normal
35.5,35.4,0.1,75.1,18.5,33.4,Normal
42.5,37.0,5.4,60.2,10.1,43.3,Heatwave
39.2,36.5,2.7,20.8,18.9,39.4,Normal
32.9,36.2,-3.3,32.3,23.6,33.8,Normal
42.4,36.4,6.0,61.0,4.1,42.0,Heatwave
45.4,39.0,6.4,65.9,9.0,44.7,Severe Heatwave
43.7,39.6,4.1,70.4,12.7,43.7,Normal
35.4,37.0,-1.7,37.5,13.5,36.2,Normal
39.5,39.5,-0.1,75.9,14.5,39.2,Normal
38.1,36.6,1.5,53.2,8.9,38.9,Normal
35.9,37.4,-1.5,61.8,17.3,34.9,Normal
43.1,36.1,6.9,55.8,16.8,42.9,Severe Heatwave
39.7,38.2,1.5,27.4,15.3,39.6,Normal
31.4,39.9,-8.5,77.8,4.6,32.7,Normal
40.2,38.0,2.2,27.4,13.0,40.4,Normal
36.6,36.8,-0.2,35.3,10.2,38.3,Normal
39.0,38.2,0.7,68.8,13.3,37.6,Normal
35.3,35.6,-0.3,57.1,23.2,35.5,Normal
43.3,39.4,3.8,70.3,13.1,43.4,Normal
42.4,37.5,4.9,50.9,2.3,43.1,Heatwave
39.2,37.2,2.0,42.6,12.1,38.4,Normal
37.7,37.9,-0.2,75.3,20.9,39.4,Normal
39.0,38.1,0.9,22.2,19.9,39.0,Normal
36.4,35.4,1.1,71.4,13.8,35.3,Normal
36.6,38.4,-1.8,33.8,7.7,36.6,Normal
39.2,36.2,3.0,70.9,12.7,38.9,Normal
41.2,38.6,2.6,28.4,15.0,44.0,Normal
45.5,39.1,6.4,54.8,25.0,46.6,Heatwave
44.4,39.0,5.4,73.3,16.8,44.5,Heatwave
36.4,37.8,-1.4,48.4,18.0,36.3,Normal
41.5,37.6,3.9,64.8,13.3,42.4,Normal
33.4,35.7,-2.3,68.3,10.2,34.4,Normal
42.3,38.9,3.4,64.2,20.7,39.4,Normal
35.5,36.4,-0.8,75.5,13.4,36.2,Normal
34.9,37.5,-2.6,46.8,24.9,34.9,Normal
38.4,36.4,2.0,30.4,12.5,37.1,Normal
27.3,35.7,-8.4,22.9,3.6,28.2,Normal
33.0,38.1,-5.1,34.8,17.7,35.3,Normal
35.7,35.3,0.4,28.6,3.1,36.2,Normal
40.0,38.7,1.3,53.5,7.8,41.1,Normal
36.3,36.6,-0.3,31.1,10.1,38.1,Normal
30.5,35.0,-4.5,22.3,19.0,29.6,Normal
35.7,37.6,-1.9,22.2,13.4,33.8,Normal
37.6,35.2,2.4,69.9,2.7,38.3,Normal
39.4,36.4,3.0,55.5,16.2,39.2,Normal
39.5,38.5,0.9,41.5,11.5,38.1,Normal
40.4,35.3,5.0,73.7,23.2,40.3,Heatwave
41.6,39.2,2.4,24.2,13.5,42.3,Normal
33.4,35.0,-1.6,78.8,18.3,33.3,Normal
36.3,36.2,0.0,57.0,7.0,35.5,Normal
34.8,38.7,-3.9,31.0,19.5,34.6,Normal
37.2,36.6,0.6,60.7,18.6,37.2,Normal
40.4,35.5,4.9,65.8,22.8,38.5,Heatwave
40.2,36.8,3.4,45.8,2.8,40.1,Normal
42.3,36.4,5.9,71.7,12.3,40.9,Heatwave
39.2,39.2,-0.1,29.0,17.6,39.8,Normal
42.3,36.6,5.7,36.7,4.2,40.7,Heatwave
39.3,38.9,0.3,25.6,11.4,40.3,Normal
45.6,39.5,6.2,32.7,23.7,45.2,Heatwave
38.1,37.2,0.9,34.3,12.0,37.5,Normal
43.0,39.5,3.5,75.1,24.7,43.3,Normal
43.0,36.9,6.2,24.7,3.3,42.2,Heatwave
40.1,39.8,0.3,45.6,18.5,40.4,Normal
37.2,35.4,1.8,51.9,15.4,36.5,Normal
43.9,38.4,5.5,73.9,13.5,43.4,Heatwave
38.0,37.5,0.5,79.9,24.3,38.4,Normal
33.3,36.9,-3.6,65.2,5.0,32.2,Normal
46.7,38.2,8.5,78.2,22.6,45.4,Severe Heatwave
37.9,38.5,-0.6,67.2,17.9,38.1,Normal
36.6,35.0,1.6,77.8,8.0,36.6,Normal
40.9,35.8,5.0,62.4,22.7,41.0,Heatwave
37.4,38.6,-1.1,24.8,11.9,37.8,Normal
35.8,38.3,-2.5,44.1,20.7,35.9,Normal
41.7,39.8,1.9,58.8,10.9,42.3,Normal
33.5,38.8,-5.3,41.0,21.6,33.6,Normal
39.7,39.8,-0.0,36.4,16.6,37.7,Normal
40.4,38.5,1.9,54.6,5.2,38.6,Normal
36.5,36.5,0.1,76.0,16.9,38.5,Normal
31.1,35.5,-4.4,22.1,6.4,31.1,Normal
45.5,38.9,6.6,66.2,11.5,46.4,Severe Heatwave
39.6,38.2,1.4,63.4,5.9,39.2,Normal
41.2,35.2,6.0,77.8,2.5,41.2,Heatwave
36.9,36.8,0.1,75.8,6.9,36.4,Normal
37.7,39.8,-2.1,65.7,14.3,40.2,Normal
39.4,37.5,1.9,51.2,13.1,39.7,Normal
37.4,37.2,0.2,32.3,13.5,36.9,Normal
34.2,37.3,-3.1,52.7,7.7,32.5,Normal
42.2,36.0,6.1,65.9,17.8,44.2,Heatwave
35.7,36.8,-1.2,73.7,18.2,35.5,Normal
31.4,36.8,-5.4,67.4,10.2,32.2,Normal
40.9,35.3,5.6,31.7,22.3,41.8,Heatwave
38.1,38.8,-0.8,56.0,16.8,37.6,Normal
36.0,37.1,-1.1,39.9,18.4,36.6,Normal
33.9,39.1,-5.2,20.6,8.4,33.3,Normal
46.3,39.3,7.1,32.0,2.0,45.4,Severe Heatwave
32.5,36.1,-3.5,26.8,21.9,33.7,Normal
39.5,38.3,1.2,70.6,20.9,39.3,Normal
41.6,37.4,4.2,35.5,4.8,42.1,Normal
41.9,39.4,2.5,37.1,10.6,42.3,Normal
36.9,36.1,0.8,77.6,17.2,37.5,Normal
33.4,38.4,-5.0,42.7,17.0,31.9,Normal
36.2,38.0,-1.8,20.6,21.8,35.6,Normal
38.1,36.5,1.7,37.0,5.2,37.8,Normal
33.9,35.7,-1.8,27.2,11.9,33.1,Normal
40.0,38.3,1.7,26.2,4.2,40.4,Normal
42.1,38.7,3.4,24.6,11.0,43.3,Normal
40.9,36.6,4.4,55.6,2.3,42.3,Normal
34.9,38.2,-3.3,31.4,22.7,34.6,Normal
45.7,37.0,8.7,41.7,14.1,46.0,Severe Heatwave
42.3,38.6,3.7,71.7,21.5,42.7,Normal
37.0,36.0,1.0,45.5,3.4,37.6,Normal
44.3,39.5,4.8,74.9,7.2,43.4,Heatwave
45.7,36.4,9.3,49.9,8.0,47.5,Severe Heatwave
32.8,36.8,-4.0,43.9,10.9,33.7,Normal
35.5,35.3,0.2,65.0,20.5,36.5,Normal
28.2,35.6,-7.3,24.4,10.9,29.4,Normal
39.3,37.6,1.7,25.4,6.7,39.8,Normal
38.6,36.3,2.3,59.1,3.5,37.6,Normal
40.0,39.2,0.9,49.2,3.8,39.9,Normal
33.8,35.1,-1.3,67.4,19.5,32.1,Normal
30.7,36.9,-6.2,75.0,12.2,31.1,Normal
39.0,36.7,2.3,43.3,18.7,38.8,Normal
41.2,35.1,6.1,55.8,17.7,41.2,Heatwave
34.6,35.6,-1.1,50.0,5.1,35.8,Normal
39.6,37.1,2.5,78.9,5.3,39.2,Normal
33.0,37.5,-4.5,69.9,19.4,32.7,Normal
39.6,37.0,2.6,74.7,18.6,39.6,Normal
37.3,37.7,-0.4,35.3,10.7,35.4,Normal
36.3,38.0,-1.7,66.4,3.8,36.0,Normal
33.4,35.0,-1.7,35.9,2.3,30.9,Normal
36.9,37.3,-0.4,32.5,8.6,36.4,Normal
42.2,39.8,2.3,76.7,2.2,43.0,Normal
34.0,37.6,-3.6,21.2,7.3,34.4,Normal
38.0,38.4,-0.4,77.9,11.6,37.4,Normal
37.4,36.6,0.9,29.0,4.8,37.5,Normal
36.0,38.9,-2.8,69.2,4.4,34.9,Normal
46.2,38.9,7.3,36.6,22.6,46.2,Severe Heatwave
35.6,37.6,-2.0,41.0,15.5,38.5,Normal
38.5,39.9,-1.3,33.0,23.5,40.4,Normal
33.2,35.6,-2.4,55.1,10.0,33.3,Normal
42.4,35.1,7.3,40.9,17.6,42.5,Severe Heatwave
41.8,38.9,2.9,59.4,6.7,40.8,Normal
36.8,39.0,-2.3,20.9,16.2,36.0,Normal
40.5,35.6,4.9,23.9,5.0,40.8,Heatwave
38.0,36.3,1.7,26.0,2.0,37.5,Normal
37.0,35.1,1.9,45.1,23.4,37.9,Normal
36.3,36.5,-0.2,68.9,14.8,37.8,Normal
37.2,38.9,-1.6,73.3,23.3,37.6,Normal
39.8,37.6,2.2,34.7,9.7,39.9,Normal
35.8,36.7,-0.9,54.5,9.5,34.2,Normal
44.2,36.9,7.4,66.1,11.2,45.0,Severe Heatwave
31.6,35.0,-3.4,37.3,18.2,30.4,Normal
42.9,36.5,6.4,44.5,15.0,42.5,Heatwave
38.8,38.2,0.6,51.4,23.3,39.8,Normal
41.9,39.9,2.0,28.1,2.6,42.9,Normal
43.2,39.2,3.9,21.6,18.3,42.7,Normal
33.9,35.1,-1.2,29.2,9.6,33.5,Normal
43.5,39.5,4.0,57.6,6.1,42.8,Normal
30.4,38.9,-8.5,24.4,13.7,29.2,Normal
37.4,38.9,-1.5,31.4,13.6,36.7,Normal
35.1,37.3,-2.2,40.3,5.2,33.4,Normal
33.6,37.0,-3.4,24.7,6.6,34.3,Normal
36.8,36.5,0.2,31.5,11.4,37.2,Normal
37.7,35.3,2.4,74.7,11.4,38.2,Normal
39.6,36.1,3.5,21.2,9.3,38.6,Normal
38.1,36.2,1.8,59.2,5.4,36.9,Normal
36.1,37.4,-1.3,43.1,2.1,36.1,Normal
41.0,38.7,2.3,60.4,24.3,41.1,Normal
38.8,37.4,1.4,55.3,23.7,38.7,Normal
39.6,35.3,4.3,33.4,13.1,39.3,Normal
43.5,39.8,3.7,70.8,24.9,45.2,Normal
40.8,39.7,1.1,49.5,17.5,41.2,Normal
36.8,38.9,-2.1,69.4,3.6,38.8,Normal
38.7,40.0,-1.3,44.4,4.7,39.9,Normal
36.8,37.7,-0.9,79.1,23.1,38.5,Normal
39.7,39.8,-0.1,66.2,16.5,38.6,Normal
37.3,35.4,1.9,78.0,21.4,37.9,Normal
40.3,36.8,3.5,50.9,22.7,39.9,Normal
36.9,36.1,0.8,48.4,12.3,35.3,Normal
37.0,36.0,1.1,65.3,3.1,38.5,Normal
37.2,35.7,1.5,72.8,6.3,36.9,Normal
37.3,38.1,-0.8,77.8,3.5,36.3,Normal
36.7,38.9,-2.2,39.5,6.3,36.3,Normal
32.7,37.9,-5.1,67.9,11.4,32.0,Normal
34.3,35.7,-1.4,32.6,4.7,33.6,Normal
41.7,39.1,2.7,52.7,5.8,41.5,Normal
36.7,38.2,-1.5,30.8,12.3,38.5,Normal
37.1,36.9,0.2,40.8,9.8,36.4,Normal
41.0,38.4,2.6,75.9,12.8,42.7,Normal
39.1,36.3,2.8,28.8,11.9,40.0,Normal
33.9,36.7,-2.8,57.9,16.8,34.3,Normal
44.1,39.6,4.5,55.6,23.6,44.8,Normal
41.4,36.5,4.9,27.2,4.5,41.4,Heatwave
34.4,37.3,-3.0,39.6,4.3,35.7,Normal
37.6,39.5,-1.9,53.8,21.6,38.1,Normal
43.7,38.5,5.2,31.2,13.6,42.0,Heatwave
35.8,35.3,0.5,68.0,19.6,36.1,Normal
29.0,35.7,-6.8,78.3,7.0,29.8,Normal
31.1,35.0,-3.9,32.9,21.1,30.9,Normal
38.3,38.2,0.1,31.2,23.2,38.4,Normal
34.2,37.2,-3.1,47.3,16.6,33.6,Normal
35.2,35.7,-0.4,64.9,4.4,33.8,Normal
40.9,39.8,1.1,36.9,22.6,39.4,Normal
43.8,37.6,6.1,21.2,20.2,42.2,Heatwave
36.2,36.2,-0.0,52.5,19.3,36.9,Normal
42.3,37.5,4.8,77.4,2.8,39.8,Heatwave
44.4,38.4,6.0,43.5,20.4,43.7,Heatwave
41.4,35.4,6.0,45.2,5.2,40.6,Heatwave
38.4,36.4,2.0,78.1,7.1,38.1,Normal
33.2,39.0,-5.9,61.7,15.3,31.3,Normal
39.9,37.3,2.6,63.2,8.1,40.3,Normal
42.4,37.7,4.7,53.8,17.2,41.1,Heatwave
37.9,37.2,0.7,78.5,16.0,39.0,Normal
42.3,35.2,7.1,61.3,4.5,41.7,Severe Heatwave
39.8,35.8,4.0,73.7,17.1,39.7,Normal
40.2,37.2,3.0,62.0,23.3,40.2,Normal
40.8,36.0,4.8,64.1,5.7,41.1,Heatwave
37.4,35.2,2.2,37.4,15.7,37.5,Normal
31.5,39.2,-7.7,38.2,9.9,31.1,Normal
39.2,39.9,-0.7,67.0,12.6,39.5,Normal
44.2,39.0,5.2,37.8,8.6,44.6,Heatwave
37.4,39.3,-1.8,53.8,10.1,36.7,Normal
36.4,36.2,0.2,35.0,2.7,36.9,Normal
37.1,39.8,-2.7,69.0,24.6,38.3,Normal
43.2,36.0,7.2,26.6,16.4,43.9,Severe Heatwave
46.6,39.8,6.9,69.8,13.5,47.6,Severe Heatwave
37.9,40.0,-2.1,56.2,10.8,38.1,Normal
40.1,38.6,1.5,31.2,14.4,39.1,Normal
38.5,39.9,-1.4,52.5,10.7,37.7,Normal
41.0,37.8,3.2,36.9,10.3,41.3,Normal
39.1,36.3,2.8,39.4,12.7,40.0,Normal
41.0,37.2,3.8,41.1,8.3,43.8,Normal
40.1,38.0,2.2,23.8,6.1,41.1,Normal
46.6,35.4,11.3,79.2,14.8,45.5,Severe Heatwave
35.5,38.1,-2.6,21.9,21.4,34.7,Normal
34.9,39.9,-5.0,59.7,5.5,37.2,Normal
35.6,36.0,-0.4,42.3,2.8,35.4,Normal
34.5,39.0,-4.5,58.8,7.7,34.5,Normal
35.3,39.5,-4.2,41.4,24.5,34.4,Normal
37.2,39.7,-2.5,60.4,21.1,38.8,Normal
37.6,39.8,-2.2,63.8,15.7,38.1,Normal
35.3,37.6,-2.3,61.4,23.4,34.5,Normal
42.7,39.9,2.8,26.8,12.2,41.7,Normal
38.0,38.8,-0.8,59.4,24.6,38.3,Normal
36.2,35.8,0.4,36.8,8.8,36.2,Normal
41.5,37.4,4.1,21.7,7.5,42.3,Normal
36.9,38.6,-1.7,44.9,16.7,37.5,Normal
36.3,36.2,0.1,46.0,10.7,36.0,Normal
40.5,38.2,2.3,48.0,16.4,39.9,Normal
32.5,38.3,-5.8,62.3,9.0,32.4,Normal
28.5,35.8,-7.3,38.5,16.2,27.9,Normal
40.0,37.8,2.2,38.9,8.3,39.9,Normal
41.6,38.9,2.7,23.6,3.2,41.6,Normal
45.7,37.5,8.2,61.2,23.0,44.8,Severe Heatwave
36.6,35.1,1.6,54.1,22.3,37.2,Normal
38.9,35.0,3.9,41.0,24.3,38.5,Normal
37.1,36.8,0.3,62.3,18.5,36.3,Normal
41.7,39.6,2.0,52.2,17.7,41.3,Normal
43.0,36.1,6.8,48.2,14.9,43.2,Severe Heatwave
31.7,38.2,-6.4,50.7,4.9,31.8,Normal
38.6,36.1,2.4,58.2,6.4,39.0,Normal
45.1,36.6,8.5,59.6,8.7,46.0,Severe Heatwave
41.2,39.2,2.0,37.3,22.5,42.5,Normal
45.4,38.6,6.8,28.4,6.0,45.7,Severe Heatwave
34.3,35.5,-1.2,29.4,23.2,33.2,Normal
38.0,37.1,0.9,58.4,14.0,37.8,Normal
36.3,35.1,1.1,72.4,18.5,35.3,Normal
30.6,37.4,-6.8,44.6,4.5,32.3,Normal
35.2,38.3,-3.1,30.2,8.2,37.2,Normal
32.8,35.6,-2.8,65.4,24.0,33.4,Normal
40.3,36.4,3.9,69.9,8.1,41.2,Normal
41.0,37.0,4.1,72.8,8.8,41.3,Normal
41.7,39.6,2.1,56.4,6.5,42.1,Normal
43.9,40.0,3.9,71.6,5.0,42.3,Normal
35.7,35.2,0.4,20.9,7.4,35.6,Normal
44.0,38.8,5.2,26.4,16.8,43.1,Heatwave
37.9,36.9,1.0,25.6,12.5,38.2,Normal
38.2,37.0,1.2,62.8,14.7,38.1,Normal
38.8,38.8,0.1,24.2,4.8,40.8,Normal
43.0,39.6,3.4,49.8,20.4,43.9,Normal
39.3,39.8,-0.5,48.4,20.0,39.6,Normal
42.3,37.9,4.4,38.6,2.5,42.0,Normal
33.8,36.8,-3.0,72.2,10.8,35.5,Normal
36.1,38.9,-2.8,30.2,3.6,36.1,Normal
39.7,36.3,3.4,41.1,20.2,40.0,Normal
38.5,37.8,0.7,66.5,19.0,38.6,Normal
36.2,36.8,-0.6,21.8,22.7,35.8,Normal
42.4,38.3,4.1,60.4,7.4,42.4,Normal
35.1,36.2,-1.1,69.0,12.5,33.1,Normal
36.3,36.0,0.3,75.9,6.2,34.7,Normal
45.5,39.6,5.9,72.6,10.5,45.8,Heatwave
41.9,35.5,6.4,39.2,14.0,43.5,Heatwave
44.0,37.5,6.5,55.2,3.2,44.4,Severe Heatwave
36.1,36.1,0.0,24.6,18.4,35.4,Normal
40.5,35.2,5.3,35.5,14.5,39.1,Heatwave
32.9,35.2,-2.3,25.7,21.1,33.6,Normal
33.7,35.9,-2.2,38.9,8.3,33.1,Normal
32.1,39.3,-7.2,72.5,22.8,32.8,Normal
43.3,36.4,6.9,40.8,25.0,43.7,Severe Heatwave
37.7,39.8,-2.0,53.7,23.1,38.2,Normal
38.5,37.9,0.6,46.0,19.9,38.5,Normal
35.0,37.2,-2.2,47.5,20.7,35.4,Normal
41.3,37.9,3.4,78.2,15.2,41.2,Normal
37.3,37.6,-0.3,37.8,6.4,36.6,Normal
35.2,38.8,-3.6,57.6,17.6,34.3,Normal
39.0,36.4,2.5,45.2,18.4,36.6,Normal
32.7,36.8,-4.0,23.7,24.7,32.6,Normal
37.5,39.5,-1.9,49.4,14.4,39.1,Normal
33.4,39.7,-6.4,68.8,8.2,34.1,Normal
35.5,39.5,-4.0,25.9,17.7,35.7,Normal
38.7,37.1,1.6,24.2,24.5,38.0,Normal
33.0,38.9,-5.9,29.2,6.1,34.0,Normal
33.2,37.4,-4.2,65.9,9.5,33.1,Normal
38.5,37.5,1.0,63.4,14.5,40.1,Normal
35.1,36.0,-0.9,53.9,5.9,34.1,Normal
45.9,38.0,8.0,48.1,2.5,45.2,Severe Heatwave
43.3,35.9,7.4,73.3,9.8,42.5,Severe Heatwave
34.6,36.7,-2.0,66.0,21.9,33.1,Normal
42.2,39.3,2.9,68.7,3.0,41.3,Normal
39.7,36.0,3.6,68.8,11.9,39.8,Normal
34.3,35.4,-1.1,58.6,19.5,33.6,Normal
31.1,35.3,-4.2,47.5,23.9,27.3,Normal
40.7,39.7,1.0,71.9,24.7,41.7,Normal
37.9,37.5,0.4,75.6,11.7,36.2,Normal
36.5,37.0,-0.5,21.4,23.9,37.1,Normal
41.6,39.1,2.5,23.1,2.8,41.6,Normal
37.6,39.2,-1.6,77.5,19.2,39.7,Normal
33.6,36.7,-3.0,36.6,16.8,34.6,Normal
39.8,38.5,1.4,72.4,7.7,39.3,Normal
41.2,38.9,2.4,43.3,13.7,40.5,Normal
35.2,38.3,-3.1,27.1,5.0,36.7,Normal
40.0,35.8,4.2,24.8,22.0,38.5,Normal
34.2,39.4,-5.2,29.4,10.2,34.4,Normal
36.7,37.7,-1.0,35.0,16.4,36.5,Normal
36.5,36.4,0.1,49.3,5.7,36.2,Normal
35.9,37.1,-1.2,62.1,6.7,36.3,Normal
34.2,35.2,-1.0,79.2,24.8,34.4,Normal
43.2,35.6,7.5,46.5,19.3,43.6,Severe Heatwave
36.8,38.8,-2.0,51.1,24.1,37.0,Normal
44.5,35.0,9.5,51.3,8.8,45.0,Severe Heatwave
39.6,37.1,2.5,52.4,5.8,39.7,Normal
38.9,37.6,1.3,51.1,13.6,38.3,Normal
37.9,35.3,2.7,20.5,13.4,37.9,Normal
49.7,39.9,9.9,20.1,6.0,49.0,Severe Heatwave
33.7,36.1,-2.5,25.9,18.9,32.9,Normal
33.6,36.5,-2.9,26.1,10.3,33.3,Normal
34.9,36.5,-1.6,62.3,6.3,34.8,Normal
37.3,36.2,1.1,32.3,9.6,37.3,Normal
30.0,35.0,-5.0,73.7,15.0,30.9,Normal
39.7,38.6,1.1,75.7,18.7,39.2,Normal
46.8,39.8,6.9,78.6,13.1,47.0,Severe Heatwave
37.7,36.1,1.5,76.3,14.1,37.8,Normal
38.3,38.3,-0.0,36.3,5.2,37.7,Normal
37.5,38.7,-1.2,50.6,23.0,37.6,Normal
43.4,39.2,4.1,30.5,23.4,44.4,Normal
35.2,37.1,-1.9,68.4,17.7,35.4,Normal
44.0,36.5,7.5,73.3,2.4,44.2,Severe Heatwave
44.4,36.6,7.8,71.1,14.4,43.7,Severe Heatwave
40.5,38.6,1.9,46.0,16.5,42.4,Normal
40.0,39.1,1.0,65.5,24.9,39.4,Normal
40.5,35.9,4.6,25.9,24.9,38.8,Heatwave
41.7,36.9,4.8,22.4,21.7,42.5,Heatwave
37.7,39.5,-1.8,65.2,3.5,37.6,Normal
38.2,39.0,-0.8,45.5,23.9,37.9,Normal
36.3,39.9,-3.6,79.7,16.1,35.8,Normal
41.2,38.8,2.4,25.8,20.4,43.1,Normal
40.3,37.0,3.3,71.3,11.4,40.7,Normal
34.2,38.0,-3.7,48.8,9.4,34.8,Normal
37.7,38.3,-0.6,69.6,12.7,37.9,Normal
31.7,35.4,-3.7,69.0,5.4,31.9,Normal
35.6,37.7,-2.1,75.0,10.2,37.0,Normal
41.5,38.5,2.9,37.9,21.7,41.2,Normal
34.3,35.8,-1.6,77.0,2.9,32.8,Normal
38.9,38.9,-0.1,29.1,5.5,39.7,Normal
33.2,37.9,-4.7,24.9,4.9,33.7,Normal
41.4,39.8,1.7,45.9,11.3,41.5,Normal
36.1,35.2,0.8,69.7,24.9,36.5,Normal
34.8,36.3,-1.6,48.4,6.0,34.4,Normal
38.3,38.0,0.3,69.8,5.3,38.4,Normal
38.1,36.5,1.6,63.8,23.0,38.0,Normal
36.7,38.6,-1.9,32.6,22.3,36.1,Normal
34.6,38.8,-4.2,76.9,2.7,35.8,Normal
42.8,35.5,7.3,23.6,19.3,41.4,Severe Heatwave
36.4,37.6,-1.2,73.9,17.1,38.7,Normal
38.2,37.5,0.7,38.3,19.7,39.1,Normal
41.4,36.8,4.5,50.0,13.4,39.6,Heatwave
53.0,39.7,13.4,45.3,24.8,52.8,Severe Heatwave
35.8,39.1,-3.4,30.3,3.0,35.6,Normal
41.1,38.5,2.6,41.5,7.4,41.5,Normal
37.1,38.6,-1.5,31.6,11.1,36.1,Normal
36.4,37.3,-0.9,32.2,12.3,36.5,Normal
38.1,39.6,-1.5,31.2,23.2,38.0,Normal
35.5,38.5,-2.9,49.3,14.9,34.8,Normal
39.5,38.6,0.9,67.9,3.0,38.6,Normal
35.1,39.3,-4.2,54.1,11.4,36.1,Normal
40.7,36.4,4.3,73.6,11.6,39.0,Normal
40.2,39.0,1.2,58.2,24.2,40.7,Normal
38.5,36.0,2.5,61.4,15.8,39.3,Normal
36.1,36.7,-0.6,60.1,16.6,35.9,Normal
36.4,36.7,-0.3,47.0,18.4,36.4,Normal
41.9,39.9,2.0,61.4,19.7,43.1,Normal
36.2,39.3,-3.1,24.2,16.6,35.5,Normal
38.3,38.5,-0.3,71.6,7.5,37.7,Normal
36.6,38.6,-2.0,66.7,22.1,36.1,Normal
35.7,37.8,-2.1,34.7,18.8,36.9,Normal
33.4,39.7,-6.4,66.1,19.1,34.6,Normal
43.2,37.5,5.7,20.8,24.9,41.8,Heatwave
35.5,36.9,-1.4,33.0,20.5,36.5,Normal
40.9,35.8,5.1,23.9,21.1,41.7,Heatwave
43.7,38.9,4.7,66.8,23.9,45.2,Heatwave
35.2,38.7,-3.5,65.4,5.5,35.6,Normal
34.1,36.9,-2.8,68.8,13.4,34.1,Normal
45.1,35.1,10.0,20.3,15.4,46.2,Severe Heatwave
46.3,39.2,7.1,50.1,9.6,47.0,Severe Heatwave
35.9,35.1,0.9,62.3,21.3,38.2,Normal
40.4,38.5,1.9,29.3,19.5,41.4,Normal
38.6,39.9,-1.2,59.0,18.6,38.8,Normal
39.7,37.2,2.5,25.0,24.9,38.5,Normal
34.7,36.2,-1.5,30.9,8.0,34.1,Normal
32.4,38.5,-6.1,48.5,18.9,31.0,Normal
35.5,39.1,-3.6,59.2,14.7,35.2,Normal
38.8,37.7,1.1,28.8,9.2,39.7,Normal
36.9,39.8,-3.0,31.1,5.7,36.9,Normal
36.0,35.3,0.8,32.3,22.6,37.0,Normal
34.8,37.5,-2.8,34.3,15.7,35.1,Normal
36.9,38.6,-1.7,33.6,21.0,36.5,Normal
43.3,39.3,4.0,43.7,14.5,43.4,Normal
37.8,35.9,1.9,59.2,7.1,38.2,Normal
40.0,39.0,1.0,46.3,9.8,40.1,Normal
41.8,37.8,4.1,66.6,10.8,42.0,Normal
39.7,37.0,2.7,63.2,24.4,38.9,Normal
41.7,35.7,6.1,27.6,2.1,41.3,Heatwave
38.7,39.3,-0.6,22.9,24.7,41.0,Normal
35.3,35.8,-0.5,72.7,24.6,36.5,Normal
33.0,36.5,-3.6,24.8,24.9,31.5,Normal
35.9,36.5,-0.5,28.9,13.0,33.6,Normal
43.7,39.4,4.4,21.3,24.2,43.8,Normal
43.9,38.4,5.5,57.7,11.1,44.8,Heatwave
43.3,39.0,4.4,54.9,2.6,42.8,Normal
31.0,36.3,-5.3,79.2,7.2,32.0,Normal
42.9,38.1,4.8,73.2,23.7,43.0,Heatwave
32.4,37.9,-5.4,44.7,2.3,32.3,Normal
43.3,39.2,4.1,42.3,14.6,44.1,Normal
39.2,39.5,-0.3,37.8,3.7,38.7,Normal
38.5,35.1,3.5,29.1,8.6,38.2,Normal
34.7,38.4,-3.7,28.3,4.0,35.4,Normal
40.4,35.3,5.1,27.9,21.8,40.3,Heatwave
33.6,37.7,-4.1,26.8,15.6,35.5,Normal
35.1,36.4,-1.3,34.4,22.7,35.8,Normal
34.0,36.5,-2.5,38.4,17.8,34.7,Normal
31.6,36.8,-5.1,77.7,24.3,31.6,Normal
39.4,38.1,1.3,54.7,13.7,40.3,Normal
44.0,36.7,7.3,79.3,16.7,43.7,Severe Heatwave
49.0,38.7,10.3,42.3,15.3,49.3,Severe Heatwave
38.4,37.0,1.3,47.5,13.1,37.4,Normal
40.3,35.3,4.9,39.5,21.5,41.3,Heatwave
40.7,38.9,1.8,31.0,16.8,41.0,Normal
39.2,36.4,2.7,28.6,20.4,41.2,Normal
37.0,37.2,-0.2,76.7,20.1,39.4,Normal
40.1,38.4,1.7,79.2,6.4,40.9,Normal
39.5,36.7,2.9,22.7,17.0,39.6,Normal
34.3,35.3,-1.0,29.0,6.6,33.3,Normal
37.6,36.9,0.7,45.4,15.4,38.5,Normal
40.5,39.7,0.8,31.2,17.6,40.7,Normal
42.1,38.2,3.9,41.8,24.9,42.6,Normal
35.6,38.4,-2.7,27.7,2.7,37.4,Normal
39.0,38.2,0.8,47.4,4.1,38.2,Normal
43.7,36.0,7.7,36.3,3.8,42.8,Severe Heatwave
42.2,37.1,5.1,41.1,11.2,41.9,Heatwave
44.5,38.8,5.7,25.7,20.9,45.3,Heatwave
36.6,35.5,1.1,45.7,21.4,37.1,Normal
38.5,36.4,2.1,79.0,19.0,37.6,Normal
40.9,36.4,4.5,39.7,22.6,41.6,Heatwave
43.6,37.2,6.5,72.6,9.4,42.4,Severe Heatwave
34.1,39.9,-5.8,70.6,4.0,33.2,Normal
31.7,35.3,-3.6,77.1,3.3,31.6,Normal
43.2,37.6,5.6,67.4,21.6,42.6,Heatwave
35.9,35.9,0.0,59.6,18.8,36.8,Normal
38.5,39.9,-1.4,71.4,18.1,38.8,Normal
32.2,35.6,-3.4,24.5,9.8,33.9,Normal
36.1,37.0,-0.9,47.8,10.7,35.8,Normal
34.8,38.7,-3.9,79.4,24.0,34.7,Normal
46.8,38.5,8.3,66.2,3.5,48.1,Severe Heatwave
38.0,37.1,0.9,77.7,19.8,37.9,Normal
37.5,36.7,0.8,66.8,9.1,39.0,Normal
40.0,37.0,3.1,72.5,2.9,40.6,Normal
40.7,36.3,4.4,62.4,19.1,38.3,Normal
40.3,36.0,4.3,65.6,9.6,41.5,Normal
42.2,37.4,4.8,51.4,18.6,43.1,Heatwave
35.1,36.3,-1.2,75.5,18.3,36.1,Normal
36.4,36.4,-0.0,69.5,14.3,34.5,Normal
42.0,38.3,3.7,70.6,19.9,41.3,Normal
39.0,39.8,-0.8,60.4,15.4,38.4,Normal
39.0,38.0,1.0,38.3,8.6,38.2,Normal
37.8,35.4,2.4,22.1,18.9,39.5,Normal
39.1,35.4,3.7,76.1,15.6,39.1,Normal
34.5,39.8,-5.2,55.2,2.3,34.5,Normal
40.0,36.5,3.5,37.9,22.7,40.5,Normal
35.6,35.5,0.2,28.9,14.5,36.2,Normal
41.5,38.0,3.5,69.8,22.0,38.1,Normal
41.8,38.1,3.7,70.2,22.3,41.2,Normal
44.9,38.2,6.6,68.9,12.2,43.5,Severe Heatwave
42.1,36.3,5.7,58.7,13.7,42.5,Heatwave
40.8,35.1,5.7,42.0,11.6,40.5,Heatwave
45.9,39.8,6.1,38.2,12.3,45.9,Heatwave
38.3,36.3,2.0,20.5,22.6,36.2,Normal
39.5,38.4,1.1,70.0,20.1,39.2,Normal
42.6,38.5,4.1,25.2,4.9,43.7,Normal
41.6,38.1,3.6,57.8,16.0,43.0,Normal
36.5,36.6,-0.1,50.2,24.9,37.2,Normal
38.8,36.4,2.4,51.6,15.7,37.4,Normal
38.9,38.0,0.9,75.6,20.1,40.1,Normal
37.3,39.3,-2.0,21.9,19.7,38.1,Normal
45.3,39.7,5.5,66.4,10.1,45.1,Heatwave
36.7,35.5,1.2,23.1,10.6,34.7,Normal
43.9,35.8,8.2,22.3,18.7,44.9,Severe Heatwave
35.0,39.7,-4.7,45.8,13.5,34.4,Normal
37.7,38.7,-0.9,23.8,15.1,38.1,Normal
40.5,39.4,1.1,67.3,18.4,40.6,Normal
41.0,36.0,5.0,51.8,19.9,42.5,Heatwave
40.3,37.9,2.4,21.7,8.2,40.2,Normal
40.6,38.5,2.1,22.4,5.4,40.6,Normal
35.5,38.4,-2.9,56.8,8.7,37.0,Normal
34.0,37.0,-3.0,68.4,13.7,33.3,Normal
37.2,35.1,2.1,46.3,9.9,38.0,Normal
34.1,37.9,-3.8,53.3,15.1,33.9,Normal
35.4,36.3,-0.9,68.0,3.2,34.4,Normal
40.0,37.3,2.8,56.6,13.7,40.0,Normal
37.3,39.8,-2.4,33.5,10.5,38.0,Normal
43.6,37.0,6.6,56.8,14.3,45.0,Severe Heatwave
44.5,39.2,5.3,57.7,11.7,46.0,Heatwave
31.4,35.9,-4.5,64.0,8.5,31.1,Normal
36.1,38.4,-2.3,57.3,22.8,35.1,Normal
32.9,39.9,-7.0,78.2,6.2,32.6,Normal
33.8,35.5,-1.7,31.8,17.7,32.6,Normal
38.7,35.0,3.7,77.1,23.3,38.5,Normal
36.7,37.2,-0.4,52.3,14.4,36.4,Normal
38.1,35.5,2.6,60.3,22.2,38.8,Normal
34.4,38.7,-4.3,26.0,4.9,32.2,Normal
43.4,39.6,3.8,42.8,13.4,42.6,Normal
36.2,37.2,-0.9,66.2,12.5,35.5,Normal
37.3,36.3,1.0,62.4,2.2,38.5,Normal
37.8,37.2,0.7,22.4,12.2,36.7,Normal
35.2,38.6,-3.5,52.8,10.5,35.4,Normal
32.0,35.0,-3.0,25.3,17.4,31.9,Normal
42.3,37.9,4.4,79.8,23.6,43.4,Normal
40.5,38.1,2.4,73.8,4.0,41.1,Normal
42.9,38.2,4.7,21.3,9.5,43.0,Heatwave
38.3,36.2,2.1,71.5,12.2,37.8,Normal
40.1,38.6,1.5,75.2,12.5,38.2,Normal
30.4,35.5,-5.0,41.2,19.8,30.7,Normal
36.1,36.0,0.1,63.2,12.2,36.6,Normal
40.3,39.4,0.9,46.5,2.6,38.7,Normal
46.5,38.7,7.8,59.3,18.3,45.3,Severe Heatwave
38.5,35.1,3.4,40.4,22.4,38.7,Normal
42.6,36.2,6.4,39.4,13.8,43.0,Heatwave
39.2,36.1,3.1,45.5,15.4,38.2,Normal
34.9,36.4,-1.5,28.7,5.7,34.3,Normal
37.6,36.2,1.4,69.9,7.1,35.8,Normal
37.1,35.3,1.8,40.9,7.4,38.5,Normal
35.0,37.3,-2.3,44.0,11.9,33.7,Normal
38.3,38.7,-0.3,73.6,23.3,38.9,Normal
38.3,38.0,0.3,49.8,14.0,38.3,Normal
45.0,38.4,6.6,52.7,6.4,46.3,Severe Heatwave
29.1,35.4,-6.3,77.4,8.1,28.3,Normal
45.0,39.8,5.2,73.2,10.8,45.0,Heatwave
36.9,39.2,-2.3,30.2,16.3,35.2,Normal
35.2,39.0,-3.8,48.4,12.1,33.3,Normal
44.2,39.1,5.1,78.3,11.0,44.8,Heatwave
43.2,39.7,3.6,42.3,15.0,41.4,Normal
43.1,37.7,5.4,42.3,7.6,42.9,Heatwave
39.8,36.0,3.8,31.7,3.8,40.8,Normal
46.3,38.1,8.2,26.9,2.6,47.0,Severe Heatwave
41.7,38.7,3.0,64.4,7.8,41.0,Normal
39.1,38.7,0.5,66.2,4.1,37.6,Normal
39.8,37.6,2.2,78.1,9.7,40.3,Normal
40.7,35.3,5.4,66.4,19.8,42.0,Heatwave
35.1,36.9,-1.7,34.6,18.5,34.5,Normal
38.3,39.6,-1.3,22.4,16.1,37.5,Normal
37.8,37.9,-0.1,79.1,21.6,37.3,Normal
31.3,37.7,-6.4,40.4,8.5,31.9,Normal
37.8,36.3,1.5,38.7,22.4,39.1,Normal
31.2,36.8,-5.6,74.4,11.2,30.0,Normal
40.7,39.5,1.2,55.1,11.2,39.2,Normal
42.4,38.3,4.0,32.9,11.3,44.7,Normal
38.3,38.9,-0.7,73.3,4.3,38.1,Normal
44.1,37.3,6.9,79.6,24.4,44.4,Severe Heatwave
34.0,38.2,-4.1,25.2,5.2,33.3,Normal
41.4,36.2,5.2,71.7,9.8,41.9,Heatwave
41.9,38.5,3.4,43.4,9.3,42.9,Normal
32.1,37.1,-5.0,51.4,3.7,32.4,Normal
47.7,37.2,10.5,74.9,5.5,49.4,Severe Heatwave
39.0,38.2,0.8,78.4,3.0,38.7,Normal
37.6,39.7,-2.1,35.7,8.7,37.3,Normal
31.4,35.3,-3.9,32.8,21.9,31.6,Normal
39.4,39.1,0.2,24.8,9.8,39.8,Normal
37.0,36.5,0.6,53.7,4.8,37.2,Normal
38.6,37.2,1.4,20.8,16.9,37.3,Normal
35.1,35.1,-0.0,44.7,24.9,35.4,Normal
39.7,36.5,3.2,24.4,7.3,39.3,Normal
37.2,37.5,-0.4,44.3,8.4,36.6,Normal
29.5,35.3,-5.8,22.4,24.4,29.5,Normal
37.9,37.5,0.5,70.1,6.1,37.0,Normal
32.3,39.6,-7.3,32.6,13.8,31.2,Normal
37.8,35.5,2.2,39.7,7.5,35.1,Normal
36.4,38.8,-2.4,72.2,23.4,38.1,Normal
38.6,37.0,1.6,64.8,24.6,39.2,Normal
43.9,38.3,5.6,33.1,20.7,43.8,Heatwave
34.0,36.3,-2.3,24.3,9.2,33.3,Normal
40.5,35.8,4.7,62.9,11.3,37.6,Heatwave
35.3,35.8,-0.5,43.4,7.6,34.6,Normal
42.5,35.4,7.1,66.0,22.5,43.2,Severe Heatwave
35.7,35.9,-0.3,46.7,23.0,36.6,Normal
36.4,38.3,-1.9,40.8,11.6,37.0,Normal
42.8,39.4,3.4,47.1,17.1,43.0,Normal
38.5,39.1,-0.5,64.9,5.8,39.8,Normal
36.5,38.4,-1.9,74.1,12.0,36.2,Normal
34.9,35.6,-0.7,23.0,16.5,36.0,Normal
37.3,36.4,0.8,51.4,10.9,36.9,Normal
42.2,36.5,5.7,22.0,10.2,41.4,Heatwave
30.5,36.2,-5.8,48.1,2.0,29.5,Normal
38.7,37.6,1.1,73.1,20.5,37.6,Normal
40.9,37.7,3.2,41.7,22.5,41.5,Normal
38.5,36.8,1.7,75.9,24.3,37.7,Normal
42.4,36.8,5.6,57.8,18.5,41.3,Heatwave
39.9,39.1,0.7,76.0,14.6,40.6,Normal
39.3,38.9,0.4,65.4,8.2,39.6,Normal
39.6,36.5,3.1,26.2,25.0,40.6,Normal
40.9,39.6,1.3,33.9,15.6,41.4,Normal
39.4,39.8,-0.4,43.7,17.7,38.6,Normal
39.4,36.6,2.8,30.2,17.7,39.5,Normal
35.5,36.8,-1.3,49.7,21.4,35.6,Normal
36.4,37.5,-1.1,48.3,2.2,35.5,Normal
38.9,39.7,-0.8,77.4,7.1,37.8,Normal
45.1,39.4,5.7,46.0,17.3,44.4,Heatwave
25.2,35.5,-10.3,67.1,22.6,27.3,Normal
39.3,37.0,2.4,76.5,17.8,38.9,Normal
38.9,37.8,1.1,72.6,11.5,40.1,Normal
32.6,37.5,-4.9,32.5,10.3,32.2,Normal
38.1,36.0,2.1,49.8,19.0,38.9,Normal
42.0,39.3,2.7,40.9,19.0,42.9,Normal
41.4,38.4,3.1,44.0,16.0,42.4,Normal
30.9,39.2,-8.3,41.6,8.7,31.3,Normal
45.1,39.3,5.8,69.6,23.3,46.5,Heatwave
37.2,38.7,-1.6,47.1,14.7,37.5,Normal
40.6,37.2,3.4,51.4,20.2,42.3,Normal
41.6,38.1,3.6,78.9,6.9,40.0,Normal
33.7,35.8,-2.1,23.6,9.9,34.1,Normal
41.7,38.4,3.3,49.3,22.1,42.0,Normal
35.5,35.9,-0.3,66.4,3.2,34.6,Normal
32.2,38.5,-6.2,29.1,13.8,32.8,Normal
41.2,36.1,5.1,56.7,13.1,39.7,Heatwave
33.9,35.6,-1.7,34.4,19.3,33.2,Normal
33.8,35.8,-2.0,72.0,8.5,31.8,Normal
34.6,35.0,-0.4,39.6,7.0,36.2,Normal
40.5,38.6,2.0,39.7,23.3,40.3,Normal
39.5,38.7,0.8,55.9,15.1,41.6,Normal
40.5,37.6,2.9,31.0,4.4,41.3,Normal
32.1,35.8,-3.7,37.1,6.4,32.6,Normal
33.8,35.4,-1.6,45.0,25.0,33.2,Normal
35.7,35.1,0.6,41.2,6.5,34.6,Normal
43.5,35.8,7.6,51.5,16.0,44.0,Severe Heatwave
40.1,39.5,0.6,56.0,11.7,40.0,Normal
41.0,36.2,4.8,54.0,22.4,39.7,Heatwave
37.9,36.8,1.1,59.3,19.4,36.4,Normal
34.8,35.5,-0.7,38.5,15.7,33.9,Normal
36.2,36.1,0.1,27.6,2.2,38.1,Normal
38.0,37.6,0.4,65.6,22.2,40.2,Normal
41.2,38.0,3.1,71.0,12.2,41.4,Normal
42.0,36.2,5.8,35.4,23.4,42.2,Heatwave
37.5,35.3,2.3,44.4,13.4,37.2,Normal
42.1,37.0,5.2,49.9,18.0,41.2,Heatwave
33.8,36.2,-2.4,52.0,3.6,35.2,Normal
35.6,36.1,-0.5,59.6,19.1,37.5,Normal
38.3,39.8,-1.5,22.5,9.8,37.4,Normal
40.2,38.1,2.1,63.3,10.1,40.1,Normal
37.5,37.8,-0.3,23.7,4.7,37.1,Normal
40.6,37.1,3.6,48.1,5.4,40.2,Normal
34.9,37.1,-2.3,69.7,6.3,36.1,Normal
38.9,37.7,1.2,47.1,9.5,37.5,Normal
41.9,38.5,3.4,28.9,22.5,42.4,Normal
32.3,38.5,-6.2,79.1,10.5,33.0,Normal
44.3,35.9,8.4,73.4,18.7,44.1,Severe Heatwave
37.5,37.5,0.0,66.3,3.9,38.4,Normal
31.0,37.1,-6.1,44.7,15.6,31.1,Normal
40.9,39.4,1.6,31.0,13.1,42.1,Normal
39.3,38.2,1.1,76.5,24.5,37.8,Normal
38.4,37.7,0.7,51.9,21.5,38.0,Normal
40.0,35.6,4.5,71.1,12.5,40.0,Normal
41.6,38.0,3.6,40.5,19.8,39.0,Normal
37.6,35.6,2.0,40.1,6.4,36.5,Normal
39.3,36.7,2.6,79.1,14.9,38.4,Normal
36.3,35.7,0.6,51.3,3.7,37.3,Normal
45.7,38.5,7.2,28.4,10.0,45.0,Severe Heatwave
31.9,36.0,-4.2,33.2,7.2,31.0,Normal
38.4,37.0,1.5,48.9,18.5,39.3,Normal
40.7,39.5,1.2,22.5,13.3,39.1,Normal
39.9,36.0,3.8,47.8,19.3,37.8,Normal
35.6,37.5,-2.0,45.1,13.9,35.2,Normal
32.0,37.1,-5.1,66.8,4.0,30.5,Normal
36.6,35.1,1.5,41.3,18.9,35.2,Normal
40.9,39.0,2.0,79.0,21.2,41.5,Normal
41.6,35.3,6.2,30.8,22.8,42.4,Heatwave
33.9,37.4,-3.4,55.5,15.2,34.7,Normal
42.8,37.8,5.0,25.4,19.3,44.0,Heatwave
47.4,38.1,9.3,64.0,19.3,48.7,Severe Heatwave
38.1,38.4,-0.3,79.7,5.6,36.0,Normal
32.7,36.3,-3.5,69.1,5.8,33.2,Normal
34.6,35.0,-0.4,53.3,3.6,34.1,Normal
39.7,38.6,1.0,49.1,9.4,38.9,Normal
40.7,37.7,3.0,70.1,12.9,41.2,Normal
38.1,39.2,-1.1,76.2,25.0,36.4,Normal
45.6,39.1,6.4,79.4,11.9,43.8,Severe Heatwave
36.3,39.2,-2.9,43.8,18.7,36.9,Normal
32.3,37.4,-5.1,79.5,17.9,32.8,Normal
41.5,36.7,4.9,29.4,6.7,41.7,Heatwave
32.0,39.0,-7.0,35.2,3.3,31.1,Normal
37.5,37.3,0.3,25.3,14.6,38.3,Normal
47.8,35.9,11.9,36.3,18.1,48.5,Severe Heatwave
40.2,39.3,1.0,66.1,25.0,40.3,Normal
36.5,39.4,-2.9,71.2,10.2,35.3,Normal
38.1,37.3,0.8,66.7,22.6,37.7,Normal
36.2,35.4,0.8,57.9,10.8,37.0,Normal
38.5,36.9,1.6,50.8,17.9,39.8,Normal
42.3,39.0,3.3,62.5,15.8,42.0,Normal
36.9,39.5,-2.6,43.5,3.2,36.6,Normal
42.9,36.0,6.9,70.5,3.8,42.8,Severe Heatwave
37.2,35.3,1.9,60.6,2.5,37.5,Normal
42.9,39.4,3.5,61.9,10.5,42.3,Normal
35.7,36.9,-1.2,52.2,19.2,32.9,Normal
43.2,37.7,5.5,73.1,6.0,44.4,Heatwave
39.9,39.8,0.1,35.1,15.9,41.7,Normal
37.3,35.3,2.0,42.9,8.6,36.7,Normal
36.0,38.2,-2.3,66.7,20.3,34.9,Normal
32.9,35.4,-2.5,49.6,20.4,32.7,Normal
40.3,36.9,3.4,73.4,19.8,40.1,Normal
38.5,39.0,-0.6,40.8,14.1,39.5,Normal
35.2,37.2,-2.0,42.2,8.5,35.2,Normal
38.7,40.0,-1.3,73.3,20.6,37.9,Normal
41.2,37.8,3.4,47.9,6.3,39.9,Normal
35.4,36.6,-1.2,51.0,8.7,36.3,Normal
36.7,36.1,0.6,40.0,6.2,37.3,Normal
37.8,36.8,1.1,36.6,17.5,38.9,Normal
31.2,36.9,-5.7,59.4,17.8,30.2,Normal
31.2,35.3,-4.1,27.2,17.0,33.0,Normal
39.0,36.8,2.2,72.8,11.6,37.3,Normal
35.7,37.3,-1.6,66.8,4.3,36.5,Normal
43.3,38.6,4.7,31.4,23.0,41.4,Heatwave
42.7,38.3,4.4,61.6,13.7,41.9,Normal
42.1,38.5,3.5,56.2,11.4,43.6,Normal
42.4,35.0,7.4,31.1,15.5,43.2,Severe Heatwave
36.8,36.1,0.7,36.4,6.4,36.3,Normal
41.6,38.3,3.3,44.5,5.0,41.1,Normal
36.4,37.4,-1.0,62.0,11.3,36.5,Normal
44.6,35.0,9.6,58.3,7.2,45.1,Severe Heatwave
47.0,39.0,7.9,51.9,7.6,48.2,Severe Heatwave
39.9,38.9,1.0,66.1,22.5,39.4,Normal
40.1,37.7,2.4,65.5,14.2,38.5,Normal
41.1,35.3,5.8,57.1,13.1,41.2,Heatwave
39.3,38.8,0.5,67.2,17.9,38.9,Normal
36.6,37.9,-1.3,40.1,23.9,35.3,Normal
43.0,38.9,4.1,72.9,4.6,43.3,Normal
40.0,38.8,1.3,56.9,21.2,39.8,Normal
40.7,39.0,1.6,69.3,15.4,41.0,Normal
35.7,37.6,-1.9,52.8,5.4,34.8,Normal
30.7,35.7,-5.0,33.1,8.8,31.2,Normal
40.2,38.4,1.8,52.5,13.1,38.9,Normal
42.3,38.1,4.2,42.3,17.9,41.4,Normal
38.9,38.7,0.2,61.8,7.6,38.7,Normal
41.9,35.8,6.0,48.5,14.3,43.6,Heatwave
34.5,36.0,-1.5,70.2,17.7,35.3,Normal
36.8,39.5,-2.7,60.7,12.3,37.8,Normal
39.5,38.7,0.8,61.1,21.8,40.9,Normal
40.3,39.5,0.7,33.0,22.0,43.9,Normal
42.5,38.8,3.7,79.1,12.8,42.5,Normal
36.3,38.0,-1.7,70.5,24.4,37.7,Normal
44.1,38.3,5.8,67.3,3.7,45.1,Heatwave
47.3,39.4,7.9,39.8,2.1,48.3,Severe Heatwave
38.8,37.9,0.9,52.1,10.8,40.5,Normal
43.5,38.2,5.4,28.2,15.8,43.1,Heatwave
33.1,35.8,-2.7,52.3,16.5,32.6,Normal
42.1,37.4,4.8,28.8,13.0,42.5,Heatwave
43.2,38.6,4.7,53.2,4.9,43.1,Heatwave
40.4,36.4,4.0,58.9,5.9,40.7,Normal
37.0,36.0,0.9,43.4,21.6,38.5,Normal
27.2,36.6,-9.3,49.9,22.0,26.8,Normal
35.0,36.2,-1.2,72.5,17.5,34.7,Normal
34.9,36.1,-1.2,26.5,17.3,35.1,Normal
34.7,37.1,-2.4,67.5,15.7,34.5,Normal
41.0,39.5,1.4,30.2,6.7,39.1,Normal
37.1,37.5,-0.5,22.2,11.8,36.5,Normal
34.1,35.9,-1.9,31.1,18.0,34.7,Normal
32.7,35.4,-2.7,65.9,14.4,34.1,Normal
37.0,38.5,-1.5,44.3,2.4,35.8,Normal
41.8,36.9,4.9,72.4,23.9,40.7,Heatwave
37.8,39.1,-1.3,51.5,21.4,37.8,Normal
37.5,38.3,-0.8,21.3,8.0,35.4,Normal
38.4,39.0,-0.6,63.0,16.2,37.9,Normal
38.5,36.4,2.2,26.6,23.2,36.8,Normal
41.1,38.5,2.6,67.4,4.2,42.4,Normal
26.7,36.3,-9.7,30.1,13.6,25.9,Normal
44.3,39.7,4.6,40.7,12.5,45.9,Heatwave
44.2,38.2,6.0,65.7,11.4,45.3,Heatwave
33.9,36.6,-2.7,77.3,21.2,33.3,Normal
33.9,36.3,-2.4,42.3,10.8,32.9,Normal
35.4,36.0,-0.6,69.8,3.5,35.2,Normal
36.8,38.5,-1.6,31.4,3.5,36.7,Normal
37.9,36.1,1.8,68.4,3.0,38.2,Normal
32.2,38.0,-5.8,59.4,11.4,31.4,Normal
33.4,36.3,-2.9,31.6,18.5,34.2,Normal
44.7,38.3,6.4,38.2,6.7,45.0,Heatwave
36.8,39.1,-2.2,27.9,16.9,36.5,Normal
44.2,38.9,5.4,43.0,17.8,43.5,Heatwave
41.0,38.8,2.2,32.2,7.9,40.9,Normal
30.6,35.9,-5.3,58.6,15.8,29.8,Normal
38.7,35.4,3.2,79.7,17.8,38.7,Normal
39.1,38.5,0.6,20.7,12.7,39.2,Normal
36.2,36.8,-0.6,52.5,9.7,36.5,Normal
39.0,37.2,1.9,54.4,16.2,40.8,Normal
37.8,35.2,2.7,74.9,24.5,37.7,Normal
39.8,36.3,3.5,50.4,11.8,40.8,Normal
40.3,35.2,5.1,52.6,11.0,40.5,Heatwave
41.8,39.4,2.4,48.3,12.7,41.6,Normal
32.4,36.2,-3.8,36.1,3.8,32.3,Normal
37.1,37.8,-0.7,23.4,14.7,37.1,Normal
46.5,35.2,11.3,44.5,9.6,46.8,Severe Heatwave
41.9,38.3,3.5,23.2,4.8,40.9,Normal
45.9,36.6,9.3,53.0,12.7,44.4,Severe Heatwave
45.4,39.5,5.9,38.4,2.1,46.0,Heatwave
41.3,39.4,1.8,52.0,11.2,42.2,Normal
38.7,36.6,2.1,28.1,4.4,39.4,Normal
40.4,39.5,0.9,76.0,2.6,40.5,Normal
34.9,40.0,-5.1,73.7,21.0,35.7,Normal
40.2,39.1,1.1,31.4,23.1,40.9,Normal
44.5,39.2,5.2,40.6,6.8,45.2,Heatwave
35.1,36.2,-1.1,56.8,14.4,34.3,Normal
40.3,37.9,2.4,25.7,8.4,39.2,Normal
39.3,35.3,4.0,41.3,13.4,38.9,Normal
33.3,35.5,-2.2,35.1,12.0,33.3,Normal
39.4,40.0,-0.6,74.9,8.2,39.2,Normal
34.1,36.6,-2.6,71.2,18.1,32.2,Normal
36.9,38.7,-1.9,54.8,4.9,38.6,Normal
35.5,39.0,-3.5,51.2,3.2,35.3,Normal
37.1,39.3,-2.2,75.8,19.7,37.3,Normal
46.0,40.0,6.0,75.9,17.3,47.2,Heatwave
34.0,36.2,-2.2,78.2,13.5,31.7,Normal
36.6,35.2,1.4,27.5,12.8,36.1,Normal
36.3,37.1,-0.8,29.6,13.4,35.9,Normal
40.8,35.7,5.1,60.6,12.1,40.4,Heatwave
40.7,35.1,5.6,52.5,11.0,40.5,Heatwave
40.8,36.8,4.0,21.1,13.5,42.3,Normal
41.0,38.9,2.1,23.7,14.2,41.7,Normal
38.0,37.8,0.2,73.3,17.9,39.0,Normal
33.4,36.6,-3.2,72.1,18.4,33.4,Normal
46.1,38.3,7.8,41.4,10.7,44.7,Severe Heatwave
34.5,36.2,-1.7,73.5,11.5,32.4,Normal
38.4,35.1,3.3,55.6,10.6,36.9,Normal
43.5,38.8,4.7,68.4,14.3,43.9,Heatwave
37.2,38.1,-0.9,45.6,12.4,37.2,Normal
43.4,38.8,4.6,26.8,22.5,43.2,Heatwave
38.9,35.2,3.7,46.0,18.0,38.5,Normal
46.2,39.2,7.0,47.4,22.7,48.2,Severe Heatwave
37.5,38.1,-0.6,53.1,18.3,36.6,Normal
34.3,37.8,-3.5,26.3,24.3,35.2,Normal
37.4,38.1,-0.8,79.5,16.6,37.4,Normal
41.1,39.3,1.7,34.6,24.2,41.0,Normal
39.1,37.9,1.2,31.9,5.6,40.3,Normal
37.5,37.9,-0.4,51.6,3.2,39.0,Normal
34.3,40.0,-5.7,52.2,15.3,34.0,Normal
41.4,38.8,2.6,46.4,24.6,42.2,Normal
45.1,37.2,7.9,66.3,11.6,45.5,Severe Heatwave
41.2,38.5,2.6,51.0,6.9,41.2,Normal
40.1,36.9,3.1,56.6,14.0,40.3,Normal
39.1,36.1,3.0,63.4,16.9,38.5,Normal
40.4,38.0,2.4,21.5,9.2,40.1,Normal
43.9,39.6,4.3,54.2,18.4,43.3,Normal
42.0,39.6,2.4,73.1,24.4,42.9,Normal
36.6,36.7,-0.1,21.0,22.6,36.5,Normal
35.9,37.6,-1.8,44.3,8.7,34.6,Normal
36.2,36.1,0.1,75.6,9.5,35.5,Normal
42.1,40.0,2.1,41.2,10.5,38.9,Normal
39.8,39.9,-0.1,47.5,11.1,39.3,Normal
40.3,38.2,2.1,78.9,4.3,40.4,Normal
41.6,39.0,2.5,32.0,19.5,41.4,Normal
42.5,38.6,3.9,23.9,10.4,44.5,Normal
43.5,38.0,5.5,71.6,22.2,44.0,Heatwave
36.5,35.3,1.3,72.1,23.3,37.1,Normal
33.7,37.3,-3.6,48.3,2.6,32.1,Normal
38.2,38.4,-0.2,50.9,24.7,37.8,Normal
39.5,38.4,1.2,70.1,18.3,39.1,Normal
31.4,36.9,-5.4,64.3,14.0,30.7,Normal
45.6,39.7,5.9,35.9,11.0,44.8,Heatwave
37.3,35.8,1.5,21.0,13.9,35.5,Normal
39.8,37.5,2.3,48.8,9.5,38.6,Normal
44.2,38.5,5.8,71.5,16.3,45.1,Heatwave
37.3,38.5,-1.2,73.8,4.1,37.1,Normal
41.3,38.2,3.0,77.4,16.3,40.7,Normal
37.0,36.4,0.6,72.8,8.3,37.0,Normal
36.1,35.8,0.4,54.8,2.4,37.3,Normal
36.5,38.2,-1.7,46.7,14.7,36.5,Normal
44.8,38.0,6.8,66.5,15.3,45.4,Severe Heatwave
35.6,35.9,-0.3,64.4,11.8,34.7,Normal
42.0,38.5,3.4,52.3,3.7,41.4,Normal
31.7,37.3,-5.6,25.2,22.5,32.1,Normal
43.5,38.3,5.1,75.6,16.1,45.4,Heatwave
43.9,39.2,4.7,47.3,4.7,45.3,Heatwave
37.2,35.8,1.3,41.8,13.8,37.8,Normal
35.3,35.1,0.2,57.8,13.4,35.5,Normal
41.3,38.9,2.4,60.4,3.4,42.7,Normal
47.1,38.0,9.0,32.6,16.0,47.9,Severe Heatwave
33.3,38.5,-5.2,70.2,20.6,31.0,Normal
42.9,39.2,3.7,37.4,19.2,41.9,Normal
36.8,39.0,-2.2,31.2,6.7,37.2,Normal
40.7,39.8,0.9,44.4,21.8,38.9,Normal
37.8,37.7,0.1,63.8,9.9,36.9,Normal
36.9,37.4,-0.5,77.9,23.8,36.2,Normal
38.0,37.0,1.0,68.6,3.7,37.7,Normal
32.8,35.8,-3.0,76.4,13.2,32.5,Normal
42.5,37.9,4.6,28.4,15.7,42.2,Heatwave
31.1,36.4,-5.3,24.3,7.7,31.9,Normal
42.5,39.6,2.9,53.5,19.7,42.2,Normal
37.8,37.9,-0.1,37.4,16.4,37.4,Normal
34.9,38.0,-3.1,69.7,2.4,33.5,Normal
38.5,36.8,1.7,60.3,16.0,39.5,Normal
30.8,35.3,-4.4,78.2,13.3,30.1,Normal
36.3,35.2,1.1,35.3,6.5,35.2,Normal
33.1,37.1,-4.0,49.1,24.9,33.3,Normal
38.0,35.4,2.6,50.1,22.6,37.3,Normal
35.8,38.0,-2.2,34.4,8.7,35.3,Normal
38.8,39.4,-0.6,55.4,14.4,39.1,Normal
41.4,39.4,2.0,46.6,9.3,41.1,Normal
36.6,38.3,-1.7,46.8,19.8,38.9,Normal
36.9,36.1,0.8,41.8,23.4,36.8,Normal
35.0,39.3,-4.3,21.0,10.3,35.6,Normal
42.6,39.4,3.2,51.3,20.5,40.7,Normal
43.2,36.0,7.2,40.1,13.5,42.3,Severe Heatwave
49.5,38.7,10.8,20.1,11.1,48.4,Severe Heatwave
37.8,36.4,1.3,38.5,23.6,36.8,Normal
42.8,39.0,3.8,36.7,13.7,43.2,Normal
34.8,40.0,-5.2,43.6,12.8,35.8,Normal
41.4,35.2,6.3,27.9,17.5,41.8,Heatwave
43.2,39.5,3.7,50.5,8.0,43.0,Normal
37.4,38.1,-0.7,61.5,9.5,36.8,Normal
45.2,39.9,5.3,57.8,23.4,46.3,Heatwave
37.4,37.3,0.1,68.2,17.6,39.5,Normal
38.6,39.2,-0.6,47.1,21.0,38.8,Normal
38.0,35.3,2.7,51.1,8.2,38.9,Normal
34.0,36.7,-2.7,68.6,14.5,34.3,Normal
39.9,35.3,4.6,45.7,24.3,40.7,Normal
37.2,39.9,-2.7,62.1,9.3,36.0,Normal
36.4,39.1,-2.7,46.1,5.7,35.9,Normal
37.1,39.3,-2.2,45.1,13.8,37.5,Normal
43.3,39.7,3.7,65.6,10.9,44.6,Normal
34.3,35.4,-1.2,30.5,5.7,33.4,Normal
33.2,36.9,-3.7,40.3,22.4,31.2,Normal
34.2,35.4,-1.1,33.5,24.8,33.7,Normal
36.9,36.1,0.9,41.5,15.1,38.0,Normal
33.0,36.1,-3.1,33.8,19.8,31.4,Normal
34.3,37.3,-3.0,54.8,21.8,33.1,Normal
44.7,36.3,8.4,67.9,18.1,44.9,Severe Heatwave
33.5,35.5,-2.0,67.2,3.0,33.4,Normal
35.7,35.8,-0.1,41.9,5.6,36.3,Normal
35.5,35.7,-0.3,79.3,3.6,34.2,Normal
39.4,39.9,-0.5,55.6,2.2,39.1,Normal
42.0,38.8,3.2,44.0,9.0,43.2,Normal
44.2,39.8,4.3,70.1,11.0,43.0,Normal
37.1,37.2,-0.1,63.8,7.5,38.6,Normal
33.1,36.4,-3.3,65.0,3.5,32.0,Normal
44.5,39.0,5.5,31.8,14.2,45.3,Heatwave
37.3,36.6,0.7,48.1,8.3,36.9,Normal
43.6,36.5,7.1,71.7,20.3,42.4,Severe Heatwave
29.3,36.2,-6.9,50.2,2.2,28.8,Normal
37.3,35.6,1.7,61.0,21.4,37.9,Normal
44.0,36.3,7.7,55.3,24.0,44.0,Severe Heatwave
36.5,36.8,-0.2,70.5,18.5,37.7,Normal
38.6,38.4,0.2,37.1,18.9,40.0,Normal
37.3,35.3,2.0,54.5,23.5,36.2,Normal
35.1,36.1,-1.0,27.4,6.8,33.8,Normal
39.0,39.0,-0.1,61.4,24.9,37.6,Normal
35.6,35.7,-0.2,63.9,19.8,34.7,Normal
35.5,36.7,-1.2,22.6,18.7,36.6,Normal
44.6,39.3,5.3,60.5,10.3,45.2,Heatwave
38.4,35.8,2.6,44.9,14.6,37.8,Normal
37.3,35.4,1.9,27.4,17.0,37.3,Normal
41.3,37.4,3.8,45.2,16.3,42.7,Normal
36.6,36.5,0.1,31.7,18.2,38.5,Normal
36.1,37.8,-1.7,44.9,3.9,36.4,Normal
37.9,39.0,-1.1,43.1,10.2,35.3,Normal
36.7,35.7,1.0,64.3,12.0,37.0,Normal
35.2,37.9,-2.7,66.5,8.0,36.1,Normal
36.8,37.5,-0.8,56.4,6.0,37.0,Normal
34.9,35.7,-0.8,21.4,5.2,35.6,Normal
46.6,38.1,8.4,75.9,10.4,46.9,Severe Heatwave
27.7,36.4,-8.7,61.2,13.3,26.4,Normal
37.8,37.4,0.4,22.1,3.4,36.9,Normal
42.5,35.4,7.0,69.1,23.8,42.1,Severe Heatwave
38.7,37.3,1.4,32.0,19.6,39.8,Normal
40.2,36.5,3.6,54.8,18.8,39.4,Normal
40.5,39.1,1.3,48.0,6.0,40.9,Normal
33.9,35.3,-1.3,45.2,15.9,34.3,Normal
30.2,37.1,-6.8,73.4,14.2,31.8,Normal
39.0,37.3,1.7,46.2,24.6,39.0,Normal
36.9,38.6,-1.7,24.5,19.2,35.2,Normal
36.1,37.9,-1.8,76.8,15.2,36.7,Normal
37.6,38.3,-0.7,75.2,21.6,39.7,Normal
46.0,38.9,7.1,61.1,5.6,46.7,Severe Heatwave
48.7,39.3,9.4,48.1,2.3,47.9,Severe Heatwave
38.3,36.6,1.8,25.6,17.9,37.2,Normal
37.1,37.7,-0.6,67.4,4.3,36.1,Normal
36.1,39.2,-3.1,24.5,4.7,38.1,Normal
42.6,39.9,2.6,24.1,19.1,42.3,Normal
46.7,39.4,7.2,52.2,8.2,46.0,Severe Heatwave
37.0,36.9,0.1,29.6,16.5,36.8,Normal
28.6,36.0,-7.3,20.5,23.1,28.3,Normal
40.8,37.4,3.3,45.4,9.3,42.4,Normal
43.2,38.7,4.4,28.2,7.0,42.1,Normal
32.9,37.5,-4.6,29.6,4.5,34.1,Normal
39.0,37.4,1.6,24.6,5.0,39.2,Normal
41.8,39.2,2.6,32.3,3.4,43.0,Normal
37.6,36.8,0.7,62.9,4.0,39.1,Normal
37.5,39.3,-1.8,68.5,11.9,37.6,Normal
41.6,37.0,4.6,47.2,9.4,41.3,Heatwave
36.2,36.6,-0.4,50.4,18.3,36.3,Normal
33.1,37.3,-4.2,22.0,22.0,33.0,Normal
32.6,38.8,-6.2,24.2,20.0,31.0,Normal
41.0,35.6,5.4,35.5,14.2,42.6,Heatwave
39.1,36.0,3.2,52.6,4.4,39.4,Normal
41.1,39.8,1.3,64.4,18.3,39.9,Normal
35.3,35.9,-0.5,56.3,10.3,33.3,Normal
37.0,37.8,-0.9,43.5,4.0,34.7,Normal
35.1,37.9,-2.8,27.1,21.4,35.9,Normal
36.9,37.4,-0.5,66.8,9.8,36.3,Normal
31.8,38.2,-6.4,41.8,7.0,31.3,Normal
34.6,36.1,-1.6,64.2,22.0,35.1,Normal
37.7,37.8,-0.1,50.8,22.7,37.2,Normal
40.0,36.9,3.1,64.3,9.8,40.5,Normal
39.2,38.3,0.9,74.4,10.2,39.3,Normal
39.5,35.7,3.8,75.3,15.3,39.4,Normal
43.6,37.9,5.7,52.1,18.9,42.0,Heatwave
40.6,35.9,4.7,50.7,3.5,39.8,Heatwave
39.0,36.4,2.6,35.9,15.6,39.6,Normal
37.1,36.1,1.0,76.1,23.9,36.5,Normal
33.5,35.9,-2.4,47.5,8.0,34.7,Normal
42.7,39.1,3.6,27.7,22.9,45.1,Normal
43.3,36.4,6.9,46.0,23.9,44.0,Severe Heatwave
41.8,39.6,2.2,27.6,8.2,43.3,Normal
47.6,39.8,7.7,50.2,19.3,48.3,Severe Heatwave
33.5,37.9,-4.3,53.7,7.5,33.0,Normal
32.7,35.7,-3.0,40.3,19.0,32.9,Normal
40.9,36.9,4.0,24.3,20.3,42.9,Normal
40.9,39.0,1.9,76.6,7.7,40.4,Normal
42.4,36.8,5.6,66.4,18.5,41.4,Heatwave
36.4,35.4,0.9,70.3,20.7,35.2,Normal
35.7,37.8,-2.0,42.0,10.2,35.5,Normal
39.5,39.2,0.3,65.6,5.9,38.5,Normal
34.6,39.0,-4.4,49.1,4.1,36.3,Normal
32.9,35.9,-3.0,32.1,15.2,33.1,Normal
42.8,38.4,4.4,27.5,24.5,43.7,Normal
40.2,36.1,4.1,40.7,20.9,39.9,Normal
38.4,36.1,2.3,28.3,12.0,37.2,Normal
34.3,39.4,-5.0,79.9,14.3,33.0,Normal
36.0,36.2,-0.3,23.0,8.4,35.1,Normal
33.0,36.3,-3.3,46.5,5.8,33.4,Normal
40.1,35.0,5.1,47.1,13.1,40.6,Heatwave
38.3,39.4,-1.0,38.0,12.7,38.9,Normal
36.2,39.0,-2.8,54.3,14.0,34.7,Normal
39.2,38.1,1.1,29.0,23.9,39.2,Normal
37.5,38.8,-1.2,67.0,15.9,36.5,Normal
42.0,35.8,6.2,39.9,15.9,42.4,Heatwave
35.7,37.3,-1.6,55.5,4.9,36.2,Normal
32.9,36.8,-3.9,62.9,24.9,31.7,Normal
28.9,35.5,-6.5,73.3,19.8,29.9,Normal
38.3,37.4,0.9,70.1,22.2,40.7,Normal
38.6,39.6,-1.0,56.5,11.5,39.5,Normal
31.2,35.2,-4.0,43.3,13.5,31.0,Normal
41.6,36.5,5.2,50.2,14.0,41.3,Heatwave
39.4,36.0,3.3,66.1,6.5,39.2,Normal
37.1,36.2,0.9,72.7,17.9,36.3,Normal
45.3,39.5,5.8,26.2,22.8,45.6,Heatwave
40.7,37.3,3.3,43.1,5.8,39.5,Normal
35.5,37.3,-1.9,66.6,4.0,33.6,Normal
36.2,38.8,-2.6,45.9,19.0,36.4,Normal
39.6,35.8,3.9,39.9,8.3,39.7,Normal
39.8,37.4,2.4,44.7,16.3,39.3,Normal
38.7,37.1,1.6,56.2,18.0,37.5,Normal
36.0,38.0,-2.0,80.0,9.4,36.3,Normal
43.1,40.0,3.1,49.6,20.7,42.1,Normal
37.2,38.8,-1.6,32.5,14.6,37.1,Normal
37.6,37.0,0.6,29.8,22.0,39.4,Normal
45.2,39.1,6.1,22.5,19.6,45.9,Heatwave
34.5,35.9,-1.3,53.5,22.0,33.2,Normal
30.6,35.2,-4.5,52.7,2.5,29.4,Normal
33.3,36.0,-2.7,32.3,7.6,33.5,Normal
41.2,36.7,4.5,61.7,4.1,39.8,Normal
39.4,37.6,1.9,64.5,12.2,37.4,Normal
38.6,38.1,0.5,35.5,22.5,39.2,Normal
38.8,39.6,-0.8,40.6,12.8,39.1,Normal
40.2,37.5,2.7,79.4,21.5,40.7,Normal
35.5,37.5,-2.0,42.5,9.5,35.8,Normal
37.3,35.3,2.1,65.6,9.8,37.3,Normal
33.6,35.2,-1.6,47.2,22.6,33.0,Normal
35.6,37.8,-2.1,67.6,11.8,36.1,Normal
36.0,37.2,-1.2,66.1,20.2,37.5,Normal
38.9,39.2,-0.3,60.1,7.4,38.4,Normal
36.6,35.8,0.8,71.3,23.8,35.6,Normal
36.9,35.1,1.8,76.4,15.2,35.8,Normal
25.3,37.2,-11.9,54.8,19.5,24.5,Normal
34.4,36.2,-1.8,34.2,4.1,34.6,Normal
34.9,35.2,-0.4,43.9,13.3,32.7,Normal
44.9,38.6,6.3,65.5,22.7,45.3,Heatwave
32.8,35.6,-2.8,59.1,22.2,33.4,Normal
39.6,38.0,1.6,30.7,3.1,37.8,Normal
42.6,36.4,6.2,23.1,9.0,41.7,Heatwave
32.3,35.9,-3.6,61.0,12.2,32.4,Normal
39.3,36.9,2.4,35.1,6.0,39.1,Normal
37.2,39.0,-1.8,50.0,18.8,37.7,Normal
36.2,37.0,-0.8,64.8,6.2,36.1,Normal
36.9,38.8,-1.8,53.8,10.0,38.2,Normal
34.1,35.6,-1.6,25.0,17.3,33.7,Normal
49.4,38.9,10.5,31.1,13.1,48.4,Severe Heatwave
40.1,36.2,4.0,33.2,19.0,39.1,Normal
43.2,38.4,4.9,35.5,24.1,44.0,Heatwave
40.6,37.8,2.7,53.9,4.7,40.6,Normal
35.0,39.6,-4.6,50.2,18.3,35.7,Normal
39.3,36.9,2.4,32.2,7.3,39.9,Normal
40.1,35.3,4.8,24.1,11.5,38.1,Heatwave
33.1,35.1,-2.0,30.3,2.8,32.0,Normal
43.5,39.1,4.4,79.1,5.1,42.5,Normal
41.1,37.6,3.5,48.1,9.4,40.3,Normal
46.4,38.9,7.5,72.0,9.9,45.9,Severe Heatwave
35.7,36.2,-0.5,70.9,22.7,36.7,Normal
33.9,36.7,-2.8,50.7,19.1,35.1,Normal
34.9,35.2,-0.3,62.4,24.4,34.6,Normal
45.8,39.8,6.0,31.6,15.8,45.6,Heatwave
32.9,38.3,-5.4,61.3,7.6,32.2,Normal
33.4,39.7,-6.2,36.3,9.5,33.5,Normal
37.6,36.3,1.3,69.9,9.4,37.8,Normal
37.5,38.1,-0.5,25.0,9.5,38.3,Normal
39.4,38.4,1.0,66.4,17.5,40.2,Normal
40.9,36.6,4.3,26.0,14.2,38.6,Normal
38.3,39.2,-0.9,72.9,10.9,38.2,Normal
34.2,39.7,-5.6,38.3,5.4,35.6,Normal
47.6,39.4,8.2,59.3,2.5,47.1,Severe Heatwave
36.2,38.7,-2.5,49.3,7.0,37.3,Normal
33.7,36.4,-2.7,42.0,4.5,33.4,Normal
41.3,36.4,4.9,58.7,20.1,41.4,Heatwave
39.5,39.8,-0.3,76.9,4.6,38.3,Normal
35.8,35.1,0.8,22.5,18.7,34.7,Normal
41.3,38.6,2.7,75.1,10.9,42.0,Normal
43.3,38.5,4.8,56.5,3.7,44.2,Heatwave
37.9,38.1,-0.2,68.4,20.7,38.0,Normal
46.3,40.0,6.3,43.0,15.3,45.0,Heatwave
30.1,36.6,-6.5,48.3,7.4,30.1,Normal
40.4,36.7,3.7,72.1,22.6,41.6,Normal
33.5,35.4,-1.9,44.9,3.0,35.2,Normal
43.0,37.2,5.8,52.1,6.6,42.7,Heatwave
37.8,36.3,1.5,21.2,19.3,36.1,Normal
35.4,36.7,-1.4,29.5,18.3,36.2,Normal
42.5,39.2,3.3,58.5,8.7,42.2,Normal
43.8,39.7,4.1,63.0,3.4,44.7,Normal
39.2,35.9,3.2,55.0,21.7,39.5,Normal
34.3,36.9,-2.6,28.6,9.2,33.4,Normal
38.9,39.6,-0.7,46.7,6.5,39.0,Normal
36.3,35.3,1.0,41.3,13.9,37.6,Normal
36.3,35.5,0.9,49.7,22.9,36.2,Normal
39.4,35.8,3.6,72.2,3.0,38.4,Normal
31.9,38.0,-6.1,66.6,19.6,30.3,Normal
37.9,35.8,2.2,25.0,15.2,37.2,Normal
39.8,39.8,-0.0,73.4,11.8,39.4,Normal
35.3,37.2,-1.9,48.3,19.1,36.1,Normal
35.9,37.5,-1.6,64.6,24.2,34.8,Normal
36.5,36.2,0.2,28.4,7.3,38.0,Normal
25.8,37.4,-11.6,60.2,5.3,24.4,Normal
36.9,38.3,-1.5,34.2,23.0,39.2,Normal
36.7,38.8,-2.1,46.3,17.4,38.4,Normal
41.6,38.8,2.9,21.0,12.1,41.8,Normal
36.1,37.9,-1.8,29.1,15.2,34.4,Normal
39.8,39.5,0.2,25.5,19.1,39.7,Normal
45.5,39.1,6.4,34.4,19.8,45.1,Heatwave
43.3,38.8,4.5,26.0,23.2,42.0,Normal
39.4,35.3,4.2,61.5,11.8,39.7,Normal
34.3,35.0,-0.7,21.7,8.7,33.5,Normal
39.0,36.1,2.9,57.1,16.7,38.2,Normal
38.5,38.3,0.2,28.4,11.6,38.3,Normal
37.4,37.1,0.3,76.7,15.7,36.8,Normal
39.4,37.0,2.4,76.0,11.7,41.5,Normal
38.3,39.4,-1.1,33.5,5.5,37.8,Normal
45.7,39.5,6.2,56.9,12.8,46.1,Heatwave
40.0,39.5,0.4,21.7,17.9,40.1,Normal
39.7,36.6,3.2,75.9,20.4,40.1,Normal
44.5,38.5,6.1,51.4,13.3,45.0,Heatwave
41.0,36.4,4.6,22.6,5.8,41.9,Heatwave
32.0,36.0,-3.9,40.5,11.5,32.3,Normal
38.5,35.9,2.6,24.6,20.1,38.7,Normal
40.7,36.7,4.0,43.6,11.5,40.7,Normal
41.3,37.1,4.1,60.2,18.0,41.1,Normal
36.3,39.2,-2.9,48.2,13.7,35.3,Normal
34.3,35.6,-1.3,43.0,7.5,34.2,Normal
43.2,38.7,4.5,27.1,20.3,43.4,Normal
36.0,37.7,-1.7,34.7,3.9,36.4,Normal
36.4,36.4,-0.0,26.0,14.1,36.6,Normal
44.0,37.5,6.5,68.4,6.8,43.7,Severe Heatwave
37.3,36.5,0.8,28.1,3.5,37.3,Normal
36.4,38.0,-1.5,55.7,13.6,35.9,Normal
35.1,37.2,-2.1,40.6,13.5,35.4,Normal
38.0,35.8,2.2,33.6,18.3,37.8,Normal
31.9,35.6,-3.7,58.4,19.1,32.1,Normal
37.9,37.7,0.1,47.4,18.7,38.9,Normal
41.7,39.5,2.2,44.0,11.4,41.0,Normal
42.3,36.7,5.5,55.6,16.5,42.9,Heatwave
42.0,38.7,3.3,49.5,15.3,42.0,Normal
36.8,38.3,-1.5,38.2,11.7,38.8,Normal
44.8,39.7,5.1,53.5,15.7,44.6,Heatwave
39.1,39.1,-0.0,60.2,23.8,39.8,Normal
34.5,37.8,-3.3,21.6,6.4,34.5,Normal
38.7,38.3,0.4,48.0,22.8,37.3,Normal
45.5,39.5,6.0,23.5,3.2,45.0,Heatwave
38.6,37.0,1.6,31.2,9.1,39.5,Normal
37.7,36.6,1.0,53.6,8.6,37.2,Normal
41.8,35.1,6.7,72.0,16.4,39.6,Severe Heatwave
35.1,39.1,-4.0,73.0,5.0,35.1,Normal
35.5,39.0,-3.5,24.2,22.3,34.4,Normal
30.9,35.5,-4.7,45.1,21.1,31.0,Normal
40.2,37.9,2.3,55.0,17.0,41.7,Normal
38.9,37.3,1.6,28.8,12.5,39.7,Normal
42.0,35.6,6.4,65.9,23.5,43.5,Heatwave
41.8,39.9,1.9,64.7,21.1,41.2,Normal
35.7,36.1,-0.4,74.2,13.5,35.5,Normal
36.3,35.3,1.0,20.5,18.1,35.3,Normal
39.4,38.0,1.4,33.0,15.0,38.7,Normal
33.8,38.7,-4.9,69.6,15.5,32.9,Normal
45.6,35.2,10.5,60.2,9.6,44.3,Severe Heatwave
41.1,38.3,2.8,73.7,12.6,42.5,Normal
39.4,37.7,1.7,23.4,3.8,37.3,Normal
38.7,35.5,3.2,55.8,10.2,40.0,Normal
39.3,35.9,3.5,54.1,18.0,40.6,Normal
38.3,37.8,0.5,22.1,23.9,38.8,Normal
35.3,36.5,-1.2,50.8,24.2,34.2,Normal
42.8,39.7,3.1,56.6,14.8,41.2,Normal
41.4,39.1,2.3,31.5,16.0,40.9,Normal
38.1,39.9,-1.8,36.4,6.3,38.7,Normal
42.3,36.3,6.0,58.4,18.0,42.3,Heatwave
41.9,39.8,2.0,48.1,3.6,40.8,Normal
40.7,37.2,3.6,71.5,8.5,41.9,Normal
42.6,36.7,5.9,40.5,17.4,44.3,Heatwave
36.3,35.3,1.1,36.0,9.1,36.1,Normal
37.4,35.3,2.1,79.1,3.1,37.5,Normal
42.3,38.5,3.8,74.7,21.1,40.8,Normal
35.8,37.3,-1.5,21.7,9.1,35.3,Normal
37.3,36.1,1.2,66.2,3.5,37.8,Normal
39.5,38.1,1.4,26.6,3.7,39.9,Normal
33.9,36.3,-2.3,21.6,7.8,33.4,Normal
47.0,37.9,9.1,36.4,6.1,46.7,Severe Heatwave
32.9,36.8,-3.9,36.2,19.8,32.4,Normal
35.6,39.1,-3.5,69.2,9.4,35.3,Normal
44.7,39.1,5.6,62.6,20.5,45.1,Heatwave
40.9,37.4,3.5,78.9,6.0,38.9,Normal
34.2,36.8,-2.6,62.7,13.3,34.1,Normal
39.9,36.8,3.1,45.1,17.8,40.3,Normal
45.2,39.0,6.1,61.9,17.0,44.6,Heatwave
37.5,36.6,0.9,80.0,15.8,37.1,Normal
46.1,36.0,10.1,62.6,23.3,45.7,Severe Heatwave
30.4,35.4,-5.0,65.7,7.3,29.9,Normal
40.8,37.3,3.4,76.3,13.4,40.8,Normal
42.5,37.4,5.1,26.8,22.3,42.6,Heatwave
43.3,39.2,4.1,62.3,3.8,41.2,Normal
36.4,36.1,0.3,71.0,3.3,37.0,Normal
36.9,36.9,-0.0,77.3,7.4,36.6,Normal
41.6,39.0,2.6,32.7,16.6,43.5,Normal
43.0,39.1,3.9,50.2,8.0,41.8,Normal
40.0,36.9,3.1,60.8,6.4,39.2,Normal
41.9,37.3,4.6,34.8,12.6,41.7,Heatwave
34.0,36.5,-2.6,56.0,16.1,34.4,Normal
39.9,39.7,0.2,35.5,7.7,37.9,Normal
33.3,35.6,-2.3,40.0,8.9,32.5,Normal
39.3,39.7,-0.4,46.5,16.1,39.9,Normal
43.0,38.4,4.6,51.8,23.8,42.0,Heatwave
39.0,37.7,1.4,47.0,17.5,40.4,Normal
45.3,35.2,10.1,49.6,20.0,44.8,Severe Heatwave
39.1,37.4,1.7,37.9,10.4,38.2,Normal
38.2,37.0,1.2,29.5,8.3,38.9,Normal
37.2,35.8,1.4,22.8,12.4,38.8,Normal
37.0,38.3,-1.2,31.8,20.6,37.5,Normal
40.7,39.9,0.8,54.9,12.5,41.9,Normal
42.8,37.8,4.9,67.2,21.5,44.4,Heatwave
40.0,38.6,1.4,30.2,24.7,39.1,Normal
33.6,35.3,-1.8,26.5,3.7,34.5,Normal
34.9,37.1,-2.2,65.0,3.0,33.3,Normal
35.0,35.6,-0.6,38.3,5.4,35.4,Normal
39.3,38.1,1.3,77.1,10.8,39.3,Normal
44.9,39.7,5.2,62.9,5.0,46.1,Heatwave
34.6,38.3,-3.7,39.6,22.0,35.8,Normal
35.3,35.4,-0.1,37.4,2.5,35.8,Normal
38.3,36.8,1.5,51.4,9.3,38.6,Normal
32.3,37.8,-5.4,24.7,6.2,32.8,Normal
35.1,37.0,-1.9,27.1,23.4,35.2,Normal
37.8,39.2,-1.4,30.6,17.4,37.7,Normal
37.3,39.1,-1.8,66.5,23.0,38.7,Normal
39.7,38.1,1.7,50.8,24.4,41.3,Normal
37.3,36.9,0.4,20.6,13.4,37.2,Normal
35.3,36.3,-0.9,60.4,7.4,35.6,Normal
38.0,35.5,2.5,45.4,6.5,38.1,Normal
43.8,36.8,7.0,50.7,7.1,42.2,Severe Heatwave
43.8,37.1,6.7,32.8,18.3,43.5,Severe Heatwave
32.6,38.4,-5.7,53.1,2.9,34.2,Normal
41.3,38.3,3.0,78.7,3.2,40.6,Normal
35.7,35.4,0.4,24.4,16.0,37.8,Normal
38.5,37.0,1.5,37.0,16.8,39.7,Normal
35.5,35.9,-0.4,34.6,17.3,35.9,Normal
37.2,35.8,1.4,34.9,10.6,37.8,Normal
40.7,39.1,1.5,42.7,20.5,39.7,Normal
34.2,35.2,-1.0,69.1,14.3,33.9,Normal
35.0,37.1,-2.1,74.8,4.4,36.4,Normal
35.3,35.8,-0.6,32.1,20.3,34.7,Normal
41.2,39.4,1.8,52.6,23.9,42.3,Normal
40.9,37.8,3.1,58.2,3.4,39.5,Normal
40.1,36.2,4.0,51.3,11.0,38.9,Normal
36.8,37.5,-0.7,46.0,13.2,38.7,Normal
40.7,38.7,2.0,31.5,5.4,40.6,Normal
44.2,39.8,4.4,49.3,22.0,43.6,Normal
41.2,36.1,5.1,44.1,8.5,42.5,Heatwave
40.2,39.4,0.8,67.7,20.0,41.5,Normal
39.9,39.7,0.2,65.8,17.4,40.8,Normal
41.3,39.6,1.7,28.0,15.8,40.7,Normal
35.2,38.2,-3.0,25.3,6.4,34.9,Normal
38.5,38.1,0.3,74.5,7.1,38.8,Normal
40.6,37.0,3.6,52.1,3.1,41.3,Normal
42.0,38.8,3.2,71.5,7.5,41.5,Normal
37.7,37.7,0.1,23.5,9.9,37.9,Normal
40.1,38.4,1.8,51.6,21.2,40.4,Normal
35.3,37.1,-1.9,52.4,10.4,36.5,Normal
42.1,38.7,3.5,71.6,19.4,42.9,Normal
39.8,39.1,0.7,25.9,12.1,38.3,Normal
35.8,35.7,0.0,34.4,20.1,35.6,Normal
38.9,39.2,-0.3,44.4,24.5,38.0,Normal
38.5,37.7,0.8,72.0,7.5,39.0,Normal
38.7,39.2,-0.6,76.3,21.8,39.6,Normal
40.5,37.2,3.3,79.6,16.3,40.6,Normal
36.5,36.9,-0.4,77.6,20.8,36.2,Normal
46.2,39.6,6.6,20.4,17.0,46.2,Severe Heatwave
42.4,36.3,6.1,22.9,11.8,42.6,Heatwave
37.1,39.2,-2.1,28.9,7.2,36.5,Normal
38.7,37.4,1.2,40.9,3.6,37.4,Normal
36.3,37.6,-1.3,69.8,14.3,34.2,Normal
36.4,36.5,-0.1,73.6,24.8,37.7,Normal
45.9,37.9,8.0,31.2,19.0,46.4,Severe Heatwave
36.5,36.6,-0.1,57.2,9.5,36.9,Normal
37.5,35.2,2.3,75.0,21.0,38.7,Normal
39.3,36.4,2.9,47.8,19.7,38.0,Normal
32.5,35.0,-2.5,26.2,8.5,30.8,Normal
37.9,39.9,-2.0,47.5,2.3,38.3,Normal
36.6,39.8,-3.2,42.5,4.7,36.9,Normal
34.9,37.0,-2.1,54.7,22.2,33.1,Normal
29.7,38.6,-9.0,46.3,21.2,30.0,Normal
39.6,36.7,2.9,21.0,8.8,39.2,Normal
46.5,38.4,8.2,79.6,8.6,45.7,Severe Heatwave
40.5,39.0,1.5,52.6,20.2,40.2,Normal
35.8,39.7,-4.0,48.4,23.6,33.3,Normal
35.8,37.0,-1.2,77.3,19.9,35.2,Normal
38.3,38.9,-0.6,29.4,15.9,37.6,Normal
33.8,36.3,-2.6,31.4,7.6,34.3,Normal
44.0,40.0,4.0,68.5,14.1,43.8,Normal
39.0,35.1,3.8,35.6,7.4,39.6,Normal
35.0,38.0,-3.0,68.0,20.6,32.4,Normal
41.8,38.3,3.5,36.3,10.9,41.0,Normal
44.8,38.4,6.3,22.0,21.2,45.3,Heatwave
43.3,35.6,7.7,51.0,10.8,43.0,Severe Heatwave
50.7,39.7,11.0,31.8,21.0,51.6,Severe Heatwave
33.7,35.9,-2.2,65.5,9.7,31.9,Normal
49.0,38.1,10.9,58.5,12.1,49.7,Severe Heatwave
35.9,36.1,-0.2,75.4,16.2,35.2,Normal
35.5,36.5,-1.1,67.0,3.6,34.7,Normal
39.9,37.7,2.1,30.8,23.8,40.9,Normal
36.0,37.1,-1.0,68.0,15.2,37.2,Normal
38.2,35.8,2.4,58.5,13.7,39.2,Normal
32.2,35.9,-3.6,60.1,21.3,34.3,Normal
37.3,37.1,0.2,69.9,21.9,38.5,Normal
44.3,38.8,5.5,54.4,14.0,43.5,Heatwave
40.3,39.5,0.8,48.0,23.3,40.4,Normal
36.9,35.4,1.5,58.2,3.5,36.6,Normal
39.6,37.0,2.7,37.9,4.6,41.7,Normal
40.6,35.5,5.1,31.0,15.7,41.7,Heatwave
30.3,35.1,-4.8,57.0,10.1,30.1,Normal
41.4,38.3,3.0,34.0,12.7,42.2,Normal
38.1,38.0,0.1,24.8,9.5,36.8,Normal
37.4,35.8,1.6,20.0,11.3,37.6,Normal
40.9,36.2,4.7,56.5,20.9,39.9,Heatwave
31.9,35.1,-3.2,41.7,15.6,30.3,Normal
36.6,39.2,-2.5,65.1,24.9,37.4,Normal
34.1,39.9,-5.8,42.5,20.1,35.0,Normal
34.8,35.7,-0.9,49.2,8.3,35.2,Normal
41.8,36.2,5.7,44.4,8.1,41.6,Heatwave
39.9,39.3,0.6,59.0,9.7,38.7,Normal
35.9,39.6,-3.7,41.4,21.4,34.8,Normal
36.4,37.1,-0.7,77.8,2.6,35.4,Normal
31.0,35.3,-4.2,76.2,7.3,30.8,Normal
32.3,35.2,-2.9,70.9,22.8,33.3,Normal
40.2,37.9,2.4,75.2,16.7,41.3,Normal
33.9,37.0,-3.1,46.9,7.2,32.2,Normal
40.0,35.1,4.9,52.2,7.0,39.3,Heatwave
38.7,37.9,0.8,64.5,21.8,37.9,Normal
36.4,35.1,1.3,61.8,22.6,33.8,Normal
39.0,38.9,0.0,73.4,7.9,39.5,Normal
40.2,36.5,3.7,63.0,11.7,40.0,Normal
38.9,35.2,3.7,79.9,21.2,38.8,Normal
40.1,37.9,2.2,40.9,19.7,41.5,Normal
40.0,37.0,3.0,70.0,20.7,40.1,Normal
40.1,39.9,0.3,61.9,13.9,39.7,Normal
40.6,37.7,2.9,61.5,23.0,41.2,Normal
36.2,36.4,-0.2,39.6,9.5,37.3,Normal
39.6,38.5,1.0,67.1,5.6,39.9,Normal
36.4,36.4,0.0,74.0,18.3,37.1,Normal
38.9,39.5,-0.6,33.1,14.4,38.8,Normal
35.5,36.9,-1.4,57.5,21.7,35.4,Normal
40.4,37.7,2.6,43.5,3.9,40.5,Normal
40.8,35.3,5.6,79.4,21.4,40.1,Heatwave
42.2,37.1,5.1,48.7,8.7,41.7,Heatwave
35.8,39.2,-3.4,33.7,17.1,37.1,Normal
44.5,39.0,5.5,42.9,2.9,46.5,Heatwave
36.0,36.1,-0.1,59.2,16.0,37.6,Normal
39.2,36.1,3.1,24.6,18.5,37.9,Normal
36.9,39.1,-2.2,56.2,10.5,35.5,Normal
41.1,39.7,1.5,75.9,7.0,40.0,Normal
37.6,35.5,2.1,71.0,14.4,37.7,Normal
33.1,37.3,-4.2,24.1,21.2,30.2,Normal
39.8,36.7,3.1,79.6,9.4,39.2,Normal
45.1,39.4,5.7,61.9,7.8,46.5,Heatwave
35.8,35.4,0.4,29.7,8.4,36.8,Normal
41.8,36.1,5.8,20.7,23.8,41.3,Heatwave
39.1,38.8,0.3,30.3,10.3,38.7,Normal
39.2,35.3,4.0,70.3,2.1,39.8,Normal
30.7,37.5,-6.8,21.3,20.0,31.6,Normal
46.7,37.2,9.5,34.0,18.1,46.1,Severe Heatwave
42.9,36.7,6.2,65.4,5.0,42.7,Heatwave
37.0,37.0,0.0,55.2,24.7,36.4,Normal
31.7,37.6,-5.9,67.0,16.0,30.4,Normal
37.8,35.8,2.0,64.8,13.5,37.6,Normal
33.8,37.9,-4.1,23.0,10.8,33.5,Normal
41.6,39.0,2.6,73.6,22.7,40.3,Normal
41.2,38.8,2.4,33.6,7.6,41.9,Normal
33.5,35.8,-2.3,53.2,8.6,34.0,Normal
40.7,35.7,4.9,58.7,4.8,41.4,Heatwave
40.2,36.3,3.8,30.1,19.5,39.4,Normal
41.2,36.8,4.4,78.6,15.7,39.2,Normal
38.1,37.0,1.0,49.3,16.0,38.5,Normal
34.4,38.4,-4.0,23.5,7.0,33.8,Normal
39.7,35.3,4.4,76.2,17.0,38.8,Normal
35.2,35.2,0.1,55.2,19.6,34.0,Normal
33.1,37.0,-3.9,62.0,10.2,32.8,Normal
44.2,38.5,5.7,51.5,20.4,45.8,Heatwave
44.3,36.0,8.3,70.1,10.0,43.8,Severe Heatwave
39.1,38.2,0.9,22.0,19.4,38.0,Normal
44.9,36.3,8.6,36.1,2.8,45.5,Severe Heatwave
40.8,39.4,1.3,48.2,14.7,40.9,Normal
39.1,39.5,-0.3,24.6,24.3,37.0,Normal
35.3,36.5,-1.2,62.4,24.6,35.9,Normal
42.9,36.1,6.7,43.6,8.5,45.0,Severe Heatwave
35.3,37.1,-1.7,36.4,12.2,32.7,Normal
39.8,36.2,3.6,20.2,3.4,38.5,Normal
37.4,38.4,-1.0,63.2,22.1,34.6,Normal
38.5,39.1,-0.6,70.0,15.1,38.4,Normal
43.0,38.4,4.6,43.7,10.9,44.0,Heatwave
38.8,39.1,-0.3,53.9,4.6,38.9,Normal
36.6,37.0,-0.4,33.7,23.8,38.0,Normal
40.7,35.8,5.0,57.3,14.2,41.6,Heatwave
45.3,38.7,6.6,20.7,8.5,47.0,Severe Heatwave
40.1,36.8,3.3,49.3,10.1,41.2,Normal
37.1,38.4,-1.3,58.7,8.2,36.7,Normal
35.6,36.4,-0.8,75.1,15.8,35.6,Normal
36.7,35.4,1.3,42.9,23.4,35.8,Normal
42.1,40.0,2.1,65.9,21.7,41.9,Normal
33.3,35.8,-2.5,55.9,12.6,33.4,Normal
43.5,39.9,3.5,75.6,21.0,43.4,Normal
41.2,39.9,1.3,43.9,11.7,42.5,Normal
34.0,39.0,-5.0,39.1,7.8,33.6,Normal
36.0,38.3,-2.3,73.2,24.6,35.1,Normal
37.1,37.9,-0.8,23.0,9.0,36.3,Normal
40.1,39.3,0.7,28.2,9.4,40.7,Normal
44.1,36.4,7.6,24.9,24.8,42.7,Severe Heatwave
39.2,37.3,1.8,70.6,5.1,39.0,Normal
36.2,38.1,-1.9,20.6,19.5,37.5,Normal
38.8,37.1,1.8,71.7,23.5,39.1,Normal
36.9,37.1,-0.2,47.1,13.8,36.8,Normal
38.8,36.7,2.1,20.2,2.1,38.8,Normal
40.9,37.8,3.0,44.1,10.6,39.8,Normal
44.5,39.3,5.2,31.2,4.6,43.6,Heatwave
36.9,36.0,0.9,57.5,11.6,36.7,Normal
46.4,39.7,6.7,60.8,20.2,46.7,Severe Heatwave
42.6,38.4,4.2,49.3,12.1,43.6,Normal
37.6,39.1,-1.5,22.4,11.9,37.7,Normal
46.5,37.8,8.7,59.4,14.8,47.9,Severe Heatwave
41.0,38.9,2.1,70.5,15.4,42.6,Normal
33.2,35.1,-1.9,63.2,21.7,34.0,Normal
45.9,39.1,6.8,69.8,9.1,47.1,Severe Heatwave
43.5,35.2,8.3,32.0,20.9,42.5,Severe Heatwave
40.3,39.4,0.9,73.3,15.0,39.2,Normal
39.2,40.0,-0.8,39.3,8.9,39.7,Normal
36.9,36.5,0.4,20.8,8.8,35.5,Normal
39.6,36.1,3.5,70.6,10.3,39.3,Normal
44.3,38.8,5.5,76.5,16.3,45.1,Heatwave
39.3,36.3,3.0,59.3,7.3,40.7,Normal
40.7,39.3,1.4,33.9,23.2,40.4,Normal
41.8,35.5,6.2,35.1,15.2,41.1,Heatwave
35.5,35.6,-0.1,48.0,23.2,35.9,Normal
44.5,39.9,4.6,73.9,3.1,43.4,Heatwave
38.4,38.4,-0.0,29.0,9.9,38.2,Normal
41.7,39.2,2.5,69.6,2.5,41.7,Normal
37.2,36.6,0.6,37.5,8.3,37.2,Normal
39.2,38.4,0.8,68.5,21.8,39.3,Normal
37.7,38.0,-0.3,75.2,2.8,36.8,Normal
43.7,38.0,5.7,45.6,12.0,43.0,Heatwave
36.8,38.4,-1.6,41.9,4.7,36.1,Normal
36.3,37.9,-1.6,68.1,11.6,34.7,Normal
45.6,37.1,8.4,51.8,21.3,45.9,Severe Heatwave
40.8,36.4,4.4,61.1,16.3,41.7,Normal
31.5,38.8,-7.3,57.4,18.9,32.3,Normal
35.2,36.1,-1.0,29.2,10.0,34.9,Normal
33.1,38.5,-5.3,70.7,23.7,32.3,Normal
33.8,36.2,-2.3,31.7,18.3,34.6,Normal
28.1,38.1,-10.0,75.9,11.7,28.8,Normal
39.3,38.7,0.5,35.0,11.8,39.5,Normal
33.1,36.1,-3.0,64.0,23.1,34.8,Normal
36.5,35.3,1.2,37.1,15.3,36.5,Normal
31.0,35.7,-4.7,39.1,18.2,30.7,Normal
39.3,38.0,1.3,38.6,11.6,38.9,Normal
38.8,39.2,-0.5,64.9,7.1,37.2,Normal
41.5,35.2,6.3,53.4,18.6,42.1,Heatwave
44.6,38.7,5.9,73.0,16.0,44.5,Heatwave
40.5,36.7,3.7,38.4,13.5,41.0,Normal
37.2,37.4,-0.1,61.5,16.4,39.1,Normal
47.6,39.6,7.9,65.2,6.8,47.2,Severe Heatwave
32.2,36.7,-4.4,29.1,20.3,29.9,Normal
33.4,37.3,-3.9,44.0,23.8,33.9,Normal
35.8,35.1,0.7,49.0,22.5,35.9,Normal
44.3,35.4,8.9,41.3,9.4,43.6,Severe Heatwave
36.6,36.3,0.3,39.3,11.3,37.0,Normal
35.5,35.1,0.4,61.2,20.6,36.3,Normal
34.1,38.2,-4.0,33.0,15.7,33.2,Normal
41.4,37.1,4.3,62.6,14.6,41.1,Normal
42.1,37.7,4.3,76.1,23.3,43.6,Normal
39.6,35.9,3.8,53.9,14.3,38.9,Normal
35.3,36.5,-1.2,56.7,13.8,35.3,Normal
36.8,38.3,-1.5,24.1,3.0,34.2,Normal
36.3,39.8,-3.5,71.9,3.6,34.8,Normal
36.5,35.3,1.3,37.1,2.2,36.7,Normal
36.7,39.5,-2.8,56.9,23.0,37.9,Normal
34.8,37.9,-3.1,78.7,11.4,33.4,Normal
37.3,37.8,-0.5,55.7,12.8,37.4,Normal
36.8,37.5,-0.7,63.5,21.4,36.4,Normal
34.5,35.3,-0.9,46.7,16.0,35.4,Normal
38.1,35.4,2.6,23.6,16.0,36.9,Normal
39.3,38.0,1.3,67.9,8.8,39.7,Normal
36.7,36.7,-0.0,22.1,21.2,36.0,Normal
41.2,39.6,1.6,62.0,5.8,41.4,Normal
34.6,37.0,-2.5,21.4,3.2,34.6,Normal
37.1,35.7,1.4,71.7,6.4,36.8,Normal
40.1,38.6,1.5,29.5,8.2,40.6,Normal
32.2,36.5,-4.3,50.9,8.5,32.2,Normal
42.1,37.6,4.5,55.8,17.4,42.0,Normal
36.4,38.5,-2.1,47.5,7.0,36.0,Normal
40.8,39.5,1.3,40.4,17.6,40.9,Normal
44.0,39.0,5.1,48.1,4.1,44.3,Heatwave
42.6,38.4,4.2,38.7,5.4,41.6,Normal
39.5,38.4,1.1,46.3,13.7,39.2,Normal
39.5,39.7,-0.3,41.5,23.2,38.4,Normal
40.8,36.5,4.3,54.0,21.8,40.8,Normal
38.4,35.0,3.4,34.3,24.3,37.8,Normal
35.2,36.4,-1.2,79.3,17.0,36.0,Normal
34.3,36.1,-1.8,50.1,17.5,35.0,Normal
32.1,38.3,-6.3,31.6,16.4,31.1,Normal
39.7,38.2,1.5,48.6,16.3,39.7,Normal
38.7,38.0,0.7,72.0,5.4,39.3,Normal
40.1,35.1,5.0,21.3,14.5,39.9,Heatwave
40.9,38.6,2.3,60.8,10.9,40.2,Normal
42.3,36.6,5.7,52.9,12.2,41.2,Heatwave
36.9,38.3,-1.4,30.2,14.0,37.7,Normal
42.8,37.8,5.0,69.0,5.0,43.7,Heatwave
35.9,36.7,-0.9,42.1,10.3,35.7,Normal
39.4,35.7,3.7,37.6,3.5,40.2,Normal
31.4,35.5,-4.1,69.7,24.5,28.4,Normal
41.0,39.2,1.8,58.3,4.7,42.3,Normal
33.6,39.6,-5.9,73.9,7.9,33.5,Normal
38.3,38.2,0.1,57.8,22.5,38.5,Normal
38.1,35.5,2.5,64.4,13.1,37.7,Normal
36.2,37.0,-0.8,70.2,5.1,37.6,Normal
36.0,38.6,-2.7,23.3,10.8,34.9,Normal
42.9,38.9,4.0,66.6,4.7,44.3,Normal
36.2,35.6,0.6,56.8,6.6,36.6,Normal
34.3,35.0,-0.7,24.2,3.2,34.9,Normal
39.7,38.6,1.1,50.5,12.1,39.4,Normal
47.0,36.8,10.2,24.9,20.6,45.7,Severe Heatwave
41.3,36.3,5.0,64.2,15.5,42.2,Heatwave
40.1,35.1,5.1,52.8,15.9,40.4,Heatwave
40.2,37.7,2.5,77.2,6.6,41.6,Normal
40.8,39.3,1.6,31.0,9.9,40.6,Normal
32.4,39.8,-7.4,56.4,21.4,32.0,Normal
36.5,37.8,-1.4,32.7,4.0,37.8,Normal
36.9,37.6,-0.7,56.8,21.7,38.8,Normal
29.9,35.4,-5.6,63.4,13.1,29.9,Normal
34.7,37.7,-3.1,63.3,21.3,33.9,Normal
31.0,36.9,-5.9,68.9,9.3,31.8,Normal
38.9,38.0,0.9,71.2,9.8,38.6,Normal
40.8,36.9,3.9,24.6,19.3,41.4,Normal
41.1,36.2,4.9,40.6,20.1,40.8,Heatwave
37.9,35.5,2.5,61.2,7.3,39.5,Normal
34.2,36.6,-2.4,49.9,24.4,33.5,Normal
29.7,35.5,-5.8,31.4,3.9,30.2,Normal
30.7,35.9,-5.1,53.2,3.6,30.2,Normal
36.5,39.9,-3.4,44.4,15.7,36.2,Normal
35.1,37.2,-2.1,43.4,18.6,34.7,Normal
38.1,37.7,0.4,68.6,24.1,38.8,Normal
36.8,39.4,-2.5,44.5,11.3,37.7,Normal
42.2,40.0,2.2,21.6,2.6,42.7,Normal
38.1,37.9,0.2,23.5,15.9,38.0,Normal
40.1,39.1,1.0,71.4,8.7,40.2,Normal
41.6,36.6,5.0,77.6,12.0,42.5,Heatwave
33.4,36.5,-3.1,61.3,13.2,34.3,Normal
39.5,37.0,2.5,41.9,3.5,36.8,Normal
39.3,38.4,1.0,76.3,13.2,39.0,Normal
38.2,38.4,-0.2,59.8,11.8,38.0,Normal
40.7,36.6,4.1,70.7,18.4,41.3,Normal
39.7,35.7,4.1,66.0,16.9,39.7,Normal
35.8,38.2,-2.3,42.7,6.3,36.6,Normal
36.0,35.6,0.4,48.7,6.7,34.9,Normal
39.9,37.9,2.0,31.2,7.8,40.1,Normal
38.5,38.5,0.0,37.5,6.1,39.4,Normal
41.6,38.5,3.0,66.7,17.1,40.1,Normal
40.8,38.8,2.0,73.6,24.9,43.3,Normal
46.8,39.4,7.4,63.5,17.0,48.0,Severe Heatwave
33.1,37.5,-4.4,47.9,16.0,33.1,Normal
39.2,38.7,0.6,25.2,11.4,38.4,Normal
35.9,38.1,-2.2,23.4,9.2,35.7,Normal
39.0,35.9,3.1,42.5,23.0,39.1,Normal
30.5,35.1,-4.7,47.8,24.3,30.9,Normal
38.6,36.4,2.2,56.5,13.4,40.1,Normal
36.0,37.2,-1.2,20.4,8.7,35.5,Normal
36.5,38.1,-1.6,79.4,19.7,37.1,Normal
35.2,39.2,-4.1,41.8,5.0,33.9,Normal
35.4,36.0,-0.6,70.9,19.6,34.9,Normal
40.4,35.6,4.8,52.1,20.8,40.8,Heatwave
40.7,39.8,0.9,27.8,4.9,41.4,Normal
38.7,35.5,3.2,67.9,24.5,38.0,Normal
44.2,37.4,6.8,62.6,24.7,43.8,Severe Heatwave
39.9,37.9,1.9,51.6,23.5,41.3,Normal
36.8,37.7,-1.0,50.9,13.4,37.9,Normal
38.1,35.4,2.6,25.2,7.7,38.3,Normal
34.4,35.3,-0.9,59.4,15.4,32.1,Normal
34.8,35.5,-0.8,74.7,11.7,37.3,Normal
33.6,37.9,-4.3,25.6,6.7,33.6,Normal
42.0,37.7,4.2,35.8,11.7,41.7,Normal
35.8,36.2,-0.4,74.1,17.3,35.3,Normal
39.8,38.2,1.6,37.1,3.6,40.2,Normal
36.5,39.1,-2.6,59.2,9.7,36.9,Normal
37.7,35.2,2.5,52.1,2.4,38.7,Normal
35.8,37.5,-1.7,55.8,19.2,34.9,Normal
39.0,38.4,0.5,44.9,16.7,38.6,Normal
40.3,36.3,4.1,38.0,3.4,42.4,Normal
40.3,36.5,3.8,22.9,24.2,40.5,Normal
39.0,38.1,0.9,64.7,2.5,38.8,Normal
34.3,39.5,-5.2,64.8,15.6,33.4,Normal
50.5,39.0,11.5,60.2,19.9,51.0,Severe Heatwave
45.0,37.9,7.1,58.6,20.1,46.1,Severe Heatwave
42.2,38.7,3.5,34.6,2.8,43.1,Normal
35.2,36.8,-1.6,21.3,22.8,34.9,Normal
38.8,38.2,0.6,68.5,23.1,39.2,Normal
36.4,37.3,-0.9,49.5,14.9,38.1,Normal
41.4,35.9,5.4,38.4,13.1,42.4,Heatwave
40.4,38.5,1.9,26.1,3.0,39.6,Normal
36.0,37.8,-1.7,23.8,14.9,33.5,Normal
36.1,36.8,-0.6,40.9,11.4,36.4,Normal
44.5,39.6,4.9,68.3,19.8,45.3,Heatwave
41.7,35.1,6.6,75.1,11.3,40.6,Severe Heatwave
42.9,36.6,6.3,73.8,17.7,42.9,Heatwave
38.9,35.3,3.6,75.2,4.3,38.7,Normal
38.9,38.8,0.1,74.5,5.1,39.1,Normal
28.2,38.5,-10.3,51.6,5.2,27.6,Normal
38.7,36.7,2.0,33.2,3.0,40.0,Normal
39.4,38.4,1.0,67.9,14.5,39.5,Normal
38.5,37.0,1.5,32.8,20.3,37.6,Normal
40.0,38.8,1.2,36.0,16.0,40.9,Normal
33.6,37.3,-3.6,34.0,15.2,32.4,Normal
40.0,37.1,3.0,50.9,17.7,41.3,Normal
42.9,39.7,3.2,39.3,9.8,43.9,Normal
39.6,36.3,3.4,29.2,10.3,41.0,Normal
39.9,35.6,4.3,47.2,9.2,39.8,Normal
41.0,37.9,3.1,72.4,18.4,40.5,Normal
39.4,39.8,-0.4,54.2,5.7,39.5,Normal
37.6,36.9,0.8,72.7,2.3,37.6,Normal
36.6,35.3,1.3,31.8,15.7,36.0,Normal
38.1,36.7,1.4,30.0,23.7,37.5,Normal
42.0,37.5,4.5,54.5,16.0,41.7,Normal
39.1,35.8,3.3,47.8,20.0,37.9,Normal
46.6,38.3,8.3,59.6,17.5,47.2,Severe Heatwave
48.7,40.0,8.7,67.7,13.4,48.7,Severe Heatwave
38.5,37.3,1.3,65.1,18.5,38.2,Normal
24.3,36.8,-12.4,76.5,21.0,23.2,Normal
42.3,37.0,5.3,43.9,7.2,41.2,Heatwave
34.7,35.6,-0.9,32.4,9.7,36.6,Normal
37.6,39.4,-1.8,53.1,7.1,37.0,Normal
36.7,37.1,-0.4,26.6,12.4,37.3,Normal
36.4,36.9,-0.6,37.3,22.4,36.5,Normal
41.4,38.3,3.1,32.5,9.9,38.7,Normal
32.8,37.2,-4.5,43.8,10.6,34.5,Normal
35.5,38.2,-2.8,26.7,21.8,36.2,Normal
37.5,35.3,2.2,21.9,13.9,36.7,Normal
42.2,39.1,3.2,59.4,14.3,42.2,Normal
42.9,39.7,3.2,56.6,21.8,41.8,Normal
36.5,38.2,-1.8,62.5,13.3,38.3,Normal
37.3,39.8,-2.4,59.6,17.7,36.4,Normal
35.0,35.8,-0.8,26.9,4.0,34.5,Normal
39.2,37.4,1.8,37.5,6.1,38.5,Normal
44.2,38.0,6.2,27.8,11.3,44.3,Heatwave
31.7,37.9,-6.2,70.6,13.4,33.1,Normal
37.2,37.0,0.2,64.8,24.2,39.0,Normal
33.0,36.7,-3.7,32.1,24.3,32.6,Normal
30.9,35.6,-4.8,40.5,21.6,31.2,Normal
41.3,37.0,4.4,78.0,9.3,41.4,Normal
38.7,35.8,2.9,55.6,24.2,37.7,Normal
41.2,38.7,2.6,68.1,17.9,43.7,Normal
40.3,36.0,4.2,35.9,11.0,41.6,Normal
34.6,35.3,-0.7,32.6,18.1,34.8,Normal
37.2,37.8,-0.5,67.0,2.4,38.8,Normal
46.6,38.0,8.7,61.2,5.4,47.8,Severe Heatwave
39.5,39.4,0.1,60.9,21.1,39.6,Normal
41.5,37.9,3.6,53.2,16.8,41.8,Normal
37.7,36.7,1.0,53.8,10.4,39.3,Normal
33.5,39.0,-5.5,64.1,13.5,32.6,Normal
31.5,37.7,-6.2,36.2,22.8,33.2,Normal
34.4,35.4,-1.0,41.2,16.5,34.1,Normal
42.5,37.8,4.7,72.3,11.2,44.1,Heatwave
43.3,39.5,3.8,38.5,4.8,43.3,Normal
41.2,37.0,4.2,52.8,8.8,41.5,Normal
34.0,36.5,-2.5,62.2,24.5,34.0,Normal
42.4,35.7,6.7,80.0,12.1,41.8,Severe Heatwave
33.4,35.8,-2.4,46.1,12.9,33.1,Normal
38.9,37.2,1.7,45.7,13.5,40.3,Normal
38.9,38.0,1.0,70.6,22.3,36.6,Normal
35.8,35.4,0.4,68.3,15.9,34.6,Normal
45.4,39.7,5.7,63.9,18.0,44.7,Heatwave
37.3,38.8,-1.5,47.8,11.0,36.2,Normal
34.2,37.9,-3.7,39.4,2.7,35.7,Normal
40.2,39.1,1.1,56.5,23.4,41.5,Normal
35.0,35.4,-0.4,72.6,23.8,35.6,Normal
50.2,37.4,12.8,73.0,23.8,49.6,Severe Heatwave
41.5,38.2,3.4,26.5,23.7,42.9,Normal
38.7,39.1,-0.4,45.7,20.8,37.1,Normal
36.2,38.9,-2.7,47.9,17.7,38.4,Normal
30.8,36.4,-5.6,78.7,21.4,30.1,Normal
37.1,39.7,-2.6,60.7,15.8,36.9,Normal
37.0,35.6,1.4,44.4,5.1,36.6,Normal
45.4,39.4,6.0,21.6,11.0,44.3,Heatwave
44.8,39.9,4.9,53.9,24.3,46.7,Heatwave
37.7,35.9,1.8,25.8,10.1,38.5,Normal
38.5,38.6,-0.1,70.1,22.0,39.7,Normal
37.1,35.2,1.9,65.2,4.1,35.9,Normal
36.2,37.0,-0.8,47.6,9.7,36.4,Normal
44.6,37.6,7.0,45.8,10.1,45.1,Severe Heatwave
38.2,37.9,0.3,73.8,3.2,38.5,Normal
40.4,39.7,0.7,37.3,4.7,39.2,Normal
31.6,38.4,-6.8,34.9,6.4,32.7,Normal
37.7,37.4,0.3,76.4,21.3,37.8,Normal
43.0,39.0,3.9,68.6,3.5,42.0,Normal
37.0,39.8,-2.7,69.2,8.9,35.2,Normal
33.5,35.1,-1.6,31.7,2.2,34.1,Normal
43.7,39.9,3.8,28.6,18.0,46.1,Normal
31.3,35.4,-4.2,21.6,16.3,30.2,Normal
43.8,39.1,4.7,34.2,16.8,43.9,Heatwave
35.5,36.4,-0.9,66.5,10.6,36.6,Normal
35.3,35.7,-0.4,34.4,6.8,34.0,Normal
34.3,37.2,-2.9,63.7,18.6,33.8,Normal
40.5,38.2,2.3,35.1,20.7,39.7,Normal
46.5,36.9,9.6,43.7,5.2,47.5,Severe Heatwave
39.0,35.3,3.7,79.0,13.2,40.3,Normal
36.0,38.0,-2.0,34.7,7.7,36.1,Normal
44.5,39.5,5.0,42.6,5.9,43.6,Heatwave
36.8,36.9,-0.1,38.1,18.9,36.4,Normal
41.9,36.1,5.8,26.6,14.4,41.3,Heatwave
41.0,37.2,3.8,49.4,7.0,40.1,Normal
25.9,35.2,-9.3,42.7,9.1,25.8,Normal
36.6,39.1,-2.5,61.7,24.2,37.2,Normal
43.4,39.1,4.3,69.1,21.5,43.9,Normal
39.5,37.9,1.5,52.7,22.2,39.5,Normal
34.2,36.8,-2.6,21.9,12.6,34.2,Normal
37.8,39.0,-1.2,57.1,16.3,37.7,Normal
32.1,37.8,-5.7,23.3,10.7,30.8,Normal
39.8,39.1,0.7,57.0,3.8,40.0,Normal
46.9,38.2,8.7,61.1,11.2,46.3,Severe Heatwave
42.7,38.9,3.8,31.9,15.7,41.4,Normal
46.7,38.0,8.7,69.2,8.6,47.0,Severe Heatwave
41.2,37.1,4.1,74.7,21.5,40.5,Normal
44.4,39.8,4.6,68.8,5.5,44.6,Heatwave
45.6,37.7,7.9,38.3,10.4,46.5,Severe Heatwave
40.3,38.0,2.3,55.2,4.9,39.4,Normal
36.4,36.1,0.3,74.9,11.3,36.5,Normal
42.7,38.1,4.6,39.2,2.9,40.9,Heatwave
43.9,37.9,6.1,69.2,8.3,45.5,Heatwave
35.2,35.9,-0.7,20.6,11.2,33.9,Normal
33.8,35.3,-1.5,20.2,13.0,33.3,Normal
39.5,38.0,1.5,65.6,14.5,40.8,Normal
42.7,38.8,3.9,65.7,8.3,42.5,Normal
41.4,37.6,3.8,67.3,14.0,40.2,Normal
32.1,36.1,-4.0,75.8,13.7,32.9,Normal
46.0,38.3,7.7,27.1,9.3,46.7,Severe Heatwave
34.2,35.4,-1.2,33.9,21.1,33.5,Normal
37.3,37.2,0.1,74.2,14.5,36.8,Normal
33.7,35.8,-2.2,30.6,9.6,33.2,Normal
46.4,35.9,10.4,60.9,23.8,46.2,Severe Heatwave
37.9,36.0,1.8,51.8,21.4,36.0,Normal
35.0,36.9,-2.0,25.0,24.6,34.8,Normal
39.3,35.3,4.0,37.1,17.9,41.1,Normal
40.7,37.0,3.7,51.2,10.7,39.8,Normal
37.9,37.6,0.3,71.1,8.5,37.3,Normal
41.4,37.4,3.9,62.5,17.3,40.2,Normal
35.0,36.9,-1.9,57.3,24.6,35.6,Normal
38.5,39.2,-0.7,49.8,16.4,39.7,Normal
29.7,35.7,-6.0,37.9,22.3,30.9,Normal
33.9,37.5,-3.6,27.2,9.6,32.6,Normal
42.6,35.3,7.3,44.5,11.4,43.1,Severe Heatwave
42.1,35.4,6.7,21.7,22.8,43.5,Severe Heatwave
39.1,37.9,1.2,32.7,19.4,39.6,Normal
44.7,37.8,6.8,45.9,24.6,45.1,Severe Heatwave
39.8,39.4,0.4,45.1,19.8,39.4,Normal
37.9,37.8,0.1,22.7,12.3,38.2,Normal
41.0,39.8,1.2,55.3,14.2,42.2,Normal
35.8,35.2,0.6,53.0,22.7,36.1,Normal
35.7,35.5,0.2,24.7,14.7,34.5,Normal
40.2,35.2,5.0,76.6,7.9,39.8,Heatwave
37.5,35.9,1.5,26.0,12.0,38.7,Normal
41.2,37.7,3.5,71.3,13.9,41.5,Normal
42.8,38.2,4.6,20.0,4.2,43.0,Heatwave
37.6,35.2,2.4,72.9,19.1,37.0,Normal
37.3,39.7,-2.4,21.2,4.5,38.5,Normal
35.5,39.2,-3.7,65.5,11.3,37.1,Normal
38.0,36.5,1.5,41.7,20.5,39.3,Normal
35.8,35.4,0.4,64.3,12.8,37.2,Normal
37.2,35.8,1.3,44.1,21.4,36.8,Normal
36.6,35.6,0.9,24.3,9.9,36.1,Normal
45.7,35.6,10.0,66.1,24.0,45.5,Severe Heatwave
33.9,37.6,-3.7,24.3,6.8,34.0,Normal
30.3,36.2,-6.0,75.3,2.9,31.7,Normal
39.0,36.8,2.2,23.1,22.1,40.1,Normal
39.6,39.9,-0.3,48.8,19.3,40.2,Normal
40.5,38.4,2.1,63.4,7.3,39.1,Normal
42.8,39.7,3.0,43.6,24.6,41.1,Normal
41.2,35.7,5.5,33.0,13.6,41.4,Heatwave
32.6,36.9,-4.3,65.5,23.9,33.5,Normal
36.8,37.8,-0.9,67.1,13.6,36.7,Normal
37.9,35.4,2.5,75.4,12.9,39.8,Normal
38.7,35.0,3.7,42.6,12.3,37.6,Normal
47.0,38.4,8.7,50.4,9.7,45.8,Severe Heatwave
42.6,38.2,4.3,41.8,14.3,41.9,Normal
37.9,37.1,0.8,35.4,12.4,37.2,Normal
35.3,37.4,-2.1,65.1,2.8,35.9,Normal
36.1,37.1,-1.0,40.4,8.0,35.7,Normal
34.0,35.1,-1.1,45.7,6.9,32.5,Normal
40.0,36.7,3.3,44.2,22.0,40.9,Normal
37.8,35.9,1.9,62.8,15.8,36.0,Normal
31.9,35.5,-3.6,75.1,19.6,30.8,Normal
39.3,39.8,-0.5,60.0,24.0,37.6,Normal
42.1,38.0,4.1,48.3,16.8,42.3,Normal
40.9,38.6,2.2,66.8,24.6,41.1,Normal
39.6,36.6,3.0,58.5,9.2,41.5,Normal
39.3,37.0,2.3,23.6,6.3,40.2,Normal
42.9,36.2,6.7,25.7,11.3,44.3,Severe Heatwave
37.3,35.5,1.8,22.3,12.8,37.6,Normal
35.5,35.9,-0.4,47.4,22.6,34.6,Normal
36.8,39.0,-2.2,69.6,14.9,36.9,Normal
40.3,38.4,1.9,38.8,8.7,40.9,Normal
30.2,37.7,-7.5,43.0,19.1,30.9,Normal
37.7,37.4,0.4,74.6,13.6,37.3,Normal
39.9,39.6,0.3,70.2,5.7,40.4,Normal
31.6,35.4,-3.8,59.9,15.3,30.7,Normal
34.2,36.4,-2.2,36.0,23.0,33.1,Normal
40.6,36.7,3.8,27.0,21.4,39.5,Normal
40.7,38.9,1.8,21.0,15.5,40.7,Normal
41.3,40.0,1.4,26.4,10.7,40.1,Normal
38.3,36.2,2.1,37.6,4.0,37.9,Normal
40.7,39.4,1.3,53.1,12.8,41.6,Normal
44.5,39.2,5.4,23.8,19.3,43.5,Heatwave
37.6,36.1,1.4,28.2,10.3,37.1,Normal
32.9,37.0,-4.1,30.9,7.4,33.0,Normal
43.8,37.0,6.7,57.9,23.4,44.0,Severe Heatwave
42.2,39.9,2.3,56.9,20.9,41.7,Normal
34.8,35.9,-1.1,53.0,16.7,35.6,Normal
35.6,39.0,-3.4,35.0,5.1,36.2,Normal
39.1,36.7,2.4,42.3,5.3,40.2,Normal
39.2,38.7,0.6,25.8,4.4,39.2,Normal
43.6,37.1,6.5,33.6,16.2,43.1,Severe Heatwave
37.7,37.9,-0.2,73.9,4.7,37.0,Normal
37.2,39.2,-1.9,78.8,21.4,37.5,Normal
43.2,39.0,4.1,58.9,24.8,42.8,Normal
43.6,39.3,4.2,75.0,10.4,43.0,Normal
36.9,35.3,1.6,58.6,12.4,36.4,Normal
41.8,38.5,3.4,22.0,18.4,41.1,Normal
36.6,35.7,0.9,79.8,23.6,36.8,Normal
38.9,37.1,1.8,25.9,22.6,37.5,Normal
42.8,37.7,5.1,61.0,3.3,43.1,Heatwave
40.2,37.0,3.2,35.2,5.9,40.9,Normal
38.0,37.6,0.4,43.5,19.4,37.4,Normal
45.7,40.0,5.7,58.8,17.8,47.6,Heatwave
28.4,35.7,-7.3,46.2,5.1,28.4,Normal
46.6,38.4,8.2,35.0,13.5,45.0,Severe Heatwave
32.0,37.0,-5.0,40.1,20.0,31.7,Normal
34.5,35.7,-1.2,40.5,7.0,34.5,Normal
36.7,35.8,0.9,77.6,22.0,37.1,Normal
40.2,39.7,0.5,67.9,3.2,40.0,Normal
43.9,39.4,4.5,47.5,20.0,42.9,Heatwave
36.8,39.5,-2.7,32.0,16.2,35.7,Normal
41.9,40.0,1.9,68.7,9.2,41.2,Normal
35.0,36.0,-1.0,29.4,18.6,34.5,Normal
38.8,36.8,2.0,32.6,20.0,37.7,Normal
39.1,38.3,0.8,42.0,23.5,38.4,Normal
38.7,37.4,1.3,72.8,10.5,39.4,Normal
36.2,37.1,-0.9,27.9,17.8,37.8,Normal
36.0,36.8,-0.8,27.3,15.9,36.8,Normal
40.0,38.0,2.0,49.6,14.1,41.3,Normal
42.2,37.9,4.3,36.6,22.5,43.2,Normal
34.7,35.8,-1.1,54.1,2.1,35.5,Normal
35.3,37.4,-2.0,47.1,8.5,35.0,Normal
40.9,37.8,3.1,46.1,14.4,41.1,Normal
38.7,37.9,0.9,26.7,6.1,38.3,Normal
40.0,36.1,3.9,28.5,22.9,39.7,Normal
36.5,38.7,-2.2,69.3,16.9,36.6,Normal
29.9,35.1,-5.2,73.2,13.0,30.6,Normal
35.9,36.8,-0.9,34.1,20.7,36.3,Normal
37.2,38.9,-1.7,26.8,12.4,37.1,Normal
38.5,37.8,0.7,23.2,14.8,38.6,Normal
35.1,36.3,-1.2,56.5,2.1,35.5,Normal
42.1,38.5,3.6,62.9,10.4,42.7,Normal
37.8,37.8,-0.0,42.4,5.2,36.3,Normal
40.5,39.0,1.5,60.8,17.9,39.4,Normal
40.2,38.7,1.6,62.8,13.0,41.3,Normal
39.7,38.1,1.7,76.1,8.9,39.7,Normal
38.4,37.4,0.9,23.9,12.8,37.9,Normal
38.5,35.7,2.8,31.5,6.8,38.2,Normal
34.5,36.3,-1.8,24.1,23.3,34.3,Normal
43.0,37.1,5.9,72.1,3.2,43.6,Heatwave
38.2,38.0,0.2,67.6,21.9,37.1,Normal
34.0,37.6,-3.6,54.5,13.8,34.0,Normal
38.1,36.4,1.7,25.0,16.2,38.3,Normal
33.1,35.0,-2.0,36.4,9.0,33.4,Normal
40.8,37.5,3.3,37.9,24.2,41.0,Normal
45.2,36.4,8.7,53.6,8.5,45.7,Severe Heatwave
36.9,38.7,-1.8,35.5,15.5,36.3,Normal
37.3,35.1,2.2,24.4,24.8,36.3,Normal
32.8,37.9,-5.1,63.8,22.3,35.2,Normal
42.3,39.7,2.6,37.9,14.3,42.0,Normal
33.8,35.9,-2.1,47.1,24.8,33.6,Normal
36.2,37.4,-1.2,27.7,18.1,36.8,Normal
32.6,35.5,-2.9,68.2,6.8,34.2,Normal
41.7,38.1,3.6,53.9,11.3,41.1,Normal
42.3,37.8,4.5,74.1,9.7,41.3,Heatwave
38.1,37.0,1.1,49.7,9.9,36.9,Normal
35.6,37.6,-2.0,76.5,19.5,37.2,Normal
46.0,39.5,6.6,73.5,15.4,45.0,Severe Heatwave
34.4,36.0,-1.6,54.6,2.9,34.3,Normal
28.5,35.1,-6.6,76.0,22.2,27.6,Normal
41.9,39.3,2.6,39.4,8.8,40.5,Normal
35.0,37.9,-2.9,41.9,24.9,34.7,Normal
43.9,39.5,4.5,22.7,23.9,43.0,Normal
37.7,38.0,-0.3,55.4,23.6,37.0,Normal
42.2,39.1,3.1,63.3,20.7,44.2,Normal
43.1,37.1,5.9,66.4,7.1,43.5,Heatwave
35.5,38.7,-3.2,29.0,14.3,36.4,Normal
38.6,39.6,-1.0,46.6,7.2,39.4,Normal
38.6,37.9,0.7,30.6,8.0,38.5,Normal
42.3,35.9,6.4,59.7,16.1,41.8,Heatwave
35.0,36.3,-1.3,29.5,2.9,35.3,Normal
34.9,36.0,-1.1,74.2,24.3,35.1,Normal
38.9,36.2,2.7,33.8,23.1,38.3,Normal
35.5,36.5,-1.0,37.5,10.8,35.6,Normal
39.3,37.8,1.5,71.1,13.9,38.6,Normal
33.5,37.9,-4.4,47.5,12.7,33.3,Normal
45.9,37.1,8.8,21.4,22.3,45.5,Severe Heatwave
34.4,38.1,-3.7,49.7,17.8,33.1,Normal
35.3,35.4,-0.1,25.1,8.4,32.9,Normal
36.3,35.4,0.9,79.1,12.3,35.4,Normal
43.6,35.9,7.7,55.3,11.9,45.4,Severe Heatwave
34.0,37.6,-3.6,35.4,24.1,33.6,Normal
44.0,36.1,7.9,53.8,6.0,44.8,Severe Heatwave
40.1,36.4,3.7,24.6,4.1,37.9,Normal
39.5,37.0,2.5,68.0,22.3,38.5,Normal
36.6,39.1,-2.4,75.5,22.6,35.3,Normal
38.1,35.1,3.0,72.5,22.0,37.9,Normal
36.7,38.2,-1.5,40.5,13.8,39.1,Normal
43.8,38.3,5.4,39.5,17.2,44.2,Heatwave
36.6,39.0,-2.4,22.1,15.0,38.3,Normal
40.3,39.7,0.6,59.1,3.6,40.0,Normal
34.2,35.1,-0.9,52.1,15.7,35.5,Normal
33.3,35.8,-2.5,47.6,2.3,35.4,Normal
43.0,39.4,3.6,74.5,9.5,42.9,Normal
40.2,37.3,2.9,30.1,23.4,39.6,Normal
43.1,37.8,5.2,20.6,9.0,41.7,Heatwave
33.1,38.3,-5.2,24.4,23.6,32.8,Normal
43.1,38.4,4.7,33.4,7.8,43.2,Heatwave
49.4,39.7,9.8,22.0,9.2,51.5,Severe Heatwave
39.4,40.0,-0.6,50.2,16.5,38.1,Normal
46.2,38.6,7.6,38.8,19.5,46.3,Severe Heatwave
36.5,36.4,0.1,30.8,13.5,34.7,Normal
35.6,39.4,-3.8,65.0,22.3,35.2,Normal
35.2,35.2,-0.1,32.3,2.9,35.5,Normal
40.8,36.2,4.7,61.3,23.2,41.3,Heatwave
37.6,39.5,-1.9,41.0,6.5,38.1,Normal
35.2,36.3,-1.1,50.7,22.3,35.6,Normal
39.2,36.1,3.1,76.0,11.2,39.8,Normal
36.7,35.7,1.0,22.2,21.2,36.7,Normal
42.3,39.3,3.0,50.0,17.4,41.3,Normal
39.3,37.5,1.8,71.3,6.0,37.5,Normal
41.1,38.4,2.7,55.3,23.1,40.5,Normal
35.7,36.2,-0.5,36.6,7.6,35.5,Normal
40.6,38.8,1.8,43.9,7.6,41.9,Normal
36.6,38.8,-2.2,60.8,20.7,36.5,Normal
42.1,36.6,5.5,73.4,4.4,41.9,Heatwave
35.8,37.1,-1.2,22.5,7.1,36.2,Normal
41.0,36.0,5.0,24.3,13.6,40.7,Heatwave
40.1,39.9,0.2,39.5,21.1,40.9,Normal
39.9,38.2,1.7,34.0,5.4,41.9,Normal
38.9,39.7,-0.7,35.9,14.6,41.1,Normal
34.0,36.5,-2.6,33.3,18.4,34.1,Normal
33.8,38.9,-5.1,31.7,21.8,34.1,Normal
36.1,38.8,-2.7,27.8,23.5,37.7,Normal
38.3,38.5,-0.1,76.0,20.0,38.2,Normal
41.6,39.8,1.7,28.7,17.0,42.2,Normal
41.5,37.0,4.5,32.3,12.0,40.4,Heatwave
35.1,35.7,-0.6,34.8,4.6,34.8,Normal
36.3,38.4,-2.1,76.0,18.3,37.4,Normal
34.6,38.6,-4.0,65.3,24.8,33.9,Normal
40.6,37.9,2.7,67.4,18.9,40.4,Normal
41.9,36.0,5.8,26.3,2.4,40.3,Heatwave
43.0,37.5,5.4,70.2,13.4,45.0,Heatwave
40.0,36.6,3.5,44.5,16.1,41.3,Normal
40.4,37.1,3.2,35.8,17.9,40.6,Normal
45.2,38.2,6.9,54.5,18.6,45.7,Severe Heatwave
40.9,38.7,2.2,69.3,14.8,41.3,Normal
39.4,36.2,3.3,66.7,7.1,40.8,Normal
36.9,37.0,-0.1,73.4,23.7,36.4,Normal
32.6,36.3,-3.8,75.7,18.0,33.3,Normal
34.6,36.0,-1.4,34.3,7.4,35.7,Normal
39.9,38.9,1.0,45.4,9.4,41.1,Normal
40.8,39.5,1.2,20.9,23.2,38.5,Normal
44.6,36.9,7.7,72.8,22.4,44.0,Severe Heatwave
40.0,38.8,1.3,29.3,11.3,39.0,Normal
44.6,39.5,5.1,71.7,2.9,44.8,Heatwave
38.7,39.2,-0.5,39.8,3.1,36.7,Normal
35.8,35.9,-0.1,42.1,8.5,33.8,Normal
36.1,39.8,-3.7,22.3,16.5,38.3,Normal
35.3,36.9,-1.6,39.6,15.4,35.9,Normal
39.5,36.7,2.8,73.3,16.6,39.7,Normal
36.3,35.3,1.0,21.5,18.5,36.7,Normal
41.7,37.4,4.3,44.4,2.4,41.9,Normal
37.2,35.5,1.6,21.9,4.4,38.2,Normal
36.0,36.2,-0.2,42.3,10.3,35.4,Normal
45.1,36.6,8.5,30.4,5.6,45.3,Severe Heatwave
39.7,39.0,0.7,35.1,3.7,39.9,Normal
44.4,39.4,5.1,72.7,16.7,43.4,Heatwave
36.1,36.5,-0.4,46.2,20.8,37.4,Normal
42.8,39.3,3.5,36.4,19.3,42.3,Normal
43.5,39.3,4.2,55.4,20.8,44.6,Normal
40.6,38.8,1.7,28.5,17.3,40.7,Normal
28.5,35.7,-7.2,35.6,18.9,30.1,Normal
39.5,38.5,1.1,52.8,8.3,38.5,Normal
45.0,39.7,5.3,34.3,24.8,43.9,Heatwave
41.3,38.4,2.8,60.7,6.2,40.4,Normal
39.2,36.7,2.6,49.5,6.9,39.4,Normal
32.5,37.5,-5.0,66.3,8.6,34.0,Normal
36.7,38.2,-1.5,76.9,24.4,38.3,Normal
40.0,37.6,2.4,26.9,24.7,37.7,Normal
38.0,35.6,2.4,40.1,20.3,38.3,Normal
41.8,36.6,5.3,39.2,16.5,38.6,Heatwave
39.5,39.0,0.5,29.1,14.0,40.3,Normal
41.7,39.3,2.4,68.6,24.3,42.8,Normal
36.7,35.7,1.1,65.6,18.0,36.7,Normal
37.3,39.8,-2.5,49.1,23.7,37.4,Normal
29.7,36.6,-6.9,52.3,9.3,29.8,Normal
40.8,38.3,2.5,23.6,9.7,40.0,Normal
40.4,38.8,1.6,53.3,21.7,40.8,Normal
37.9,39.1,-1.2,67.5,5.4,37.7,Normal
35.1,39.7,-4.7,54.4,23.8,36.0,Normal
39.8,36.6,3.2,35.9,13.7,39.7,Normal
39.4,39.3,0.1,60.1,23.3,38.5,Normal
38.6,35.7,2.9,41.7,9.7,37.1,Normal
46.0,38.5,7.5,52.7,18.5,44.2,Severe Heatwave
32.2,38.7,-6.5,49.3,13.1,33.5,Normal
36.9,38.4,-1.4,42.9,16.4,36.5,Normal
36.5,36.3,0.3,63.1,13.6,36.9,Normal
45.5,39.4,6.1,73.0,24.2,47.2,Heatwave
31.1,35.8,-4.7,20.3,17.9,30.6,Normal
43.0,35.3,7.8,76.0,7.8,42.4,Severe Heatwave
40.1,38.6,1.5,50.7,22.9,39.9,Normal
38.0,37.4,0.7,62.0,8.8,38.1,Normal
39.6,39.2,0.3,71.3,10.5,41.4,Normal
36.4,36.9,-0.5,48.0,4.3,38.0,Normal
40.5,35.8,4.7,70.1,22.7,41.1,Heatwave
36.4,39.2,-2.7,30.7,8.6,37.9,Normal
40.0,37.7,2.2,29.6,8.0,39.8,Normal
35.6,35.9,-0.3,59.4,23.2,35.9,Normal
36.9,38.6,-1.7,72.2,20.5,36.6,Normal
47.6,37.6,10.1,73.5,5.2,46.3,Severe Heatwave
40.5,38.0,2.5,58.6,19.7,41.7,Normal
40.5,37.3,3.1,51.5,23.0,41.0,Normal
44.1,39.1,5.0,39.9,3.8,44.1,Heatwave
35.2,39.1,-4.0,78.8,21.0,35.2,Normal
45.7,38.5,7.1,39.2,14.6,44.2,Severe Heatwave
27.7,35.5,-7.8,64.7,17.4,26.8,Normal
37.5,39.2,-1.7,51.9,13.3,37.8,Normal
37.7,38.4,-0.6,56.5,18.0,37.2,Normal
41.5,38.5,3.0,43.6,2.8,41.3,Normal
38.6,36.8,1.8,77.9,19.5,38.5,Normal
39.8,39.4,0.4,54.3,2.8,39.1,Normal
39.6,38.6,1.0,76.3,12.5,38.6,Normal
33.1,35.6,-2.4,20.5,5.5,31.5,Normal
32.8,37.0,-4.2,54.4,20.9,32.7,Normal
43.0,39.4,3.5,63.0,9.2,43.6,Normal
38.7,35.2,3.4,64.7,12.4,37.0,Normal
46.4,39.8,6.5,74.3,11.9,46.3,Severe Heatwave
36.6,38.4,-1.8,20.3,19.8,36.9,Normal
41.6,38.2,3.4,20.0,13.1,40.6,Normal
36.4,36.4,0.0,48.3,20.1,37.8,Normal
41.4,36.2,5.2,21.8,3.7,41.0,Heatwave
44.3,39.7,4.6,78.5,6.4,44.2,Heatwave
38.2,36.5,1.7,33.3,14.7,38.1,Normal
38.7,38.9,-0.2,48.4,23.8,36.9,Normal
41.3,37.0,4.4,23.7,3.7,42.3,Normal
39.0,35.7,3.3,51.3,3.0,38.0,Normal
33.7,35.1,-1.4,42.8,5.6,33.4,Normal
34.1,37.7,-3.6,22.7,16.7,34.7,Normal
39.9,39.9,-0.0,40.1,11.2,41.3,Normal
43.1,36.8,6.3,43.5,21.0,42.1,Heatwave
41.8,36.8,5.0,79.4,3.7,41.4,Heatwave
33.8,36.7,-2.9,32.5,6.5,35.2,Normal
34.5,37.6,-3.1,52.7,8.9,35.0,Normal
42.7,37.2,5.5,79.2,16.4,43.3,Heatwave
36.4,39.4,-3.0,67.5,17.8,35.4,Normal
40.3,37.5,2.8,79.6,4.9,39.9,Normal
36.4,37.5,-1.2,78.1,23.7,36.2,Normal
42.4,35.7,6.7,49.4,9.8,41.5,Severe Heatwave
38.2,39.9,-1.7,61.8,18.4,36.5,Normal
41.3,36.2,5.0,26.6,14.1,40.7,Heatwave
37.0,35.4,1.6,46.5,7.1,38.4,Normal
40.2,38.3,1.9,68.5,21.5,40.3,Normal
32.1,38.0,-5.9,50.3,20.8,33.5,Normal
30.4,37.1,-6.7,62.2,11.1,30.5,Normal
37.3,37.1,0.2,64.7,15.5,36.6,Normal
40.8,38.9,1.9,35.2,7.9,42.1,Normal
33.0,36.0,-2.9,72.5,17.9,33.3,Normal
36.3,39.1,-2.8,47.6,9.1,37.3,Normal
41.2,38.2,3.0,32.6,21.4,40.1,Normal
40.1,37.1,3.0,71.9,7.0,41.1,Normal
37.8,37.3,0.5,45.1,2.3,38.9,Normal
40.0,36.3,3.7,65.0,8.2,40.3,Normal
35.7,38.8,-3.1,52.9,6.4,34.8,Normal
37.3,37.6,-0.2,42.9,13.7,37.3,Normal
43.4,36.6,6.8,68.6,6.7,44.0,Severe Heatwave
39.2,38.0,1.2,55.1,19.6,39.5,Normal
41.4,40.0,1.4,43.4,7.6,42.0,Normal
46.2,37.2,9.1,26.6,18.3,47.3,Severe Heatwave
35.7,39.6,-3.9,73.7,15.3,35.1,Normal
40.5,36.7,3.8,22.1,24.7,39.4,Normal
42.1,35.3,6.8,71.8,25.0,42.1,Severe Heatwave
35.9,36.0,-0.1,41.6,22.0,35.6,Normal
41.1,37.1,4.0,58.4,19.5,41.9,Normal
33.7,36.1,-2.4,75.3,10.9,32.6,Normal
33.6,35.0,-1.4,29.1,19.3,34.6,Normal
41.9,39.6,2.3,54.0,24.0,43.3,Normal
43.0,39.2,3.8,65.9,2.5,43.0,Normal
43.6,38.7,4.9,65.5,14.4,43.7,Heatwave
42.3,35.8,6.5,51.5,7.0,41.6,Severe Heatwave
36.4,35.6,0.8,57.5,14.8,35.8,Normal
40.5,35.3,5.2,65.5,12.7,40.1,Heatwave
38.4,38.6,-0.2,70.5,15.2,39.9,Normal
43.8,39.6,4.2,65.7,14.7,43.7,Normal
38.9,37.2,1.7,41.2,24.1,37.6,Normal
38.2,35.6,2.6,79.8,14.7,38.4,Normal
40.0,37.6,2.5,46.1,21.5,40.9,Normal
32.1,36.7,-4.6,21.5,9.4,32.1,Normal
33.9,36.9,-2.9,41.8,12.1,35.4,Normal
39.5,38.1,1.4,27.7,12.8,40.2,Normal
33.7,38.6,-4.9,27.3,8.4,32.6,Normal
39.5,35.6,3.9,36.9,10.7,38.9,Normal
39.2,35.2,4.1,23.2,15.8,39.5,Normal
42.1,40.0,2.1,61.3,15.3,40.5,Normal
33.2,36.2,-2.9,24.4,16.6,33.6,Normal
41.1,35.3,5.8,32.2,10.1,39.3,Heatwave
44.1,35.9,8.1,25.6,9.3,45.1,Severe Heatwave
36.7,35.2,1.5,23.8,16.1,37.6,Normal
39.7,37.0,2.8,36.1,5.1,40.3,Normal
40.7,39.0,1.7,54.3,7.8,40.0,Normal
39.6,36.7,2.9,77.9,3.0,39.7,Normal
37.8,37.2,0.6,72.5,3.7,37.3,Normal
39.3,38.4,0.9,72.6,7.6,38.2,Normal
41.7,37.5,4.2,30.6,2.4,41.4,Normal
48.5,39.3,9.2,35.9,7.6,49.2,Severe Heatwave
35.4,39.3,-3.9,24.6,17.1,35.5,Normal
35.7,35.0,0.6,66.7,3.4,37.1,Normal
35.8,38.9,-3.1,24.2,12.0,36.5,Normal
43.9,37.3,6.6,53.4,23.0,44.5,Severe Heatwave
38.9,39.9,-1.1,34.9,20.2,37.3,Normal
33.4,37.4,-4.1,34.6,9.0,33.1,Normal
43.2,39.9,3.2,79.4,23.3,42.1,Normal
45.9,38.8,7.1,65.4,9.6,45.7,Severe Heatwave
39.6,36.2,3.3,70.2,3.7,38.9,Normal
39.4,37.7,1.7,54.3,24.9,39.0,Normal
42.4,40.0,2.4,72.3,22.0,43.5,Normal
45.2,39.3,6.0,58.7,12.7,45.7,Heatwave
33.4,35.5,-2.1,76.8,17.3,34.4,Normal
39.1,38.5,0.6,36.9,17.4,37.5,Normal
36.1,36.7,-0.6,55.7,6.5,36.2,Normal
31.9,35.0,-3.1,61.4,6.6,32.9,Normal
36.9,37.0,-0.1,43.6,12.8,38.4,Normal
41.1,36.2,4.9,72.8,23.0,39.5,Heatwave
42.1,39.1,3.0,78.8,2.2,41.7,Normal
39.9,36.7,3.3,49.6,20.0,41.0,Normal
40.7,39.1,1.5,43.4,3.3,40.5,Normal
37.8,35.0,2.8,48.3,13.0,36.9,Normal
34.7,36.5,-1.8,71.2,16.7,33.2,Normal
36.1,36.2,-0.1,58.7,17.8,35.2,Normal
37.8,36.2,1.7,22.7,3.3,36.2,Normal
37.3,35.3,2.0,52.5,11.6,37.4,Normal
38.1,35.9,2.1,21.0,15.4,39.0,Normal
38.3,37.8,0.5,66.7,3.5,37.0,Normal
36.1,36.5,-0.3,39.7,5.1,36.4,Normal
49.1,37.1,12.1,48.3,17.3,50.0,Severe Heatwave
41.1,36.9,4.2,67.9,14.0,41.1,Normal
41.8,39.4,2.4,22.8,5.7,40.2,Normal
39.7,39.5,0.2,29.5,14.3,40.1,Normal
36.9,37.5,-0.6,43.9,23.0,36.8,Normal
37.2,36.7,0.5,33.8,2.4,37.0,Normal
37.6,35.5,2.0,40.3,16.8,37.0,Normal
34.2,39.8,-5.6,79.9,3.7,34.3,Normal
30.8,35.3,-4.5,69.5,2.1,31.3,Normal
35.3,36.5,-1.2,73.0,5.5,37.6,Normal
38.2,36.5,1.7,76.2,11.7,38.3,Normal
36.8,36.6,0.2,40.5,20.5,38.3,Normal
42.0,35.8,6.2,37.8,8.5,42.4,Heatwave
34.7,38.9,-4.2,34.0,16.4,34.6,Normal
34.0,35.6,-1.6,69.8,11.5,34.1,Normal
44.5,38.2,6.3,60.8,7.4,43.3,Heatwave
37.1,35.6,1.5,34.2,13.8,37.4,Normal
39.4,35.4,4.1,42.6,20.3,37.5,Normal
47.7,39.5,8.2,50.4,21.1,46.9,Severe Heatwave
34.5,36.0,-1.4,51.7,21.5,34.6,Normal
39.8,39.1,0.7,73.3,9.8,41.0,Normal
37.8,37.7,0.0,42.8,20.2,39.2,Normal
29.5,35.4,-5.8,74.5,6.9,29.3,Normal
39.7,39.8,-0.1,46.5,19.0,39.8,Normal
40.3,36.2,4.1,64.8,23.8,41.3,Normal
42.2,39.3,2.9,75.8,2.3,40.9,Normal
39.0,35.8,3.2,74.5,12.1,39.4,Normal
39.0,39.3,-0.3,23.4,16.9,38.1,Normal
33.8,35.1,-1.3,32.3,18.1,33.6,Normal
43.0,37.6,5.4,48.6,6.1,42.5,Heatwave
38.1,38.8,-0.7,45.9,24.4,38.5,Normal
41.7,39.7,2.0,58.5,16.2,42.3,Normal
41.1,39.5,1.6,76.7,5.8,42.0,Normal
45.2,39.1,6.1,26.7,2.5,45.6,Heatwave
43.8,39.4,4.4,47.1,20.0,44.0,Normal
32.5,36.0,-3.5,31.5,3.8,34.3,Normal
33.3,36.4,-3.2,73.6,5.2,31.7,Normal
39.5,36.4,3.0,77.9,15.2,41.2,Normal
37.7,36.9,0.8,48.7,15.9,37.4,Normal
36.4,37.0,-0.6,26.2,17.8,36.9,Normal
42.3,37.7,4.6,67.1,11.1,42.0,Heatwave
37.5,35.8,1.7,61.8,19.8,36.8,Normal
39.6,38.5,1.2,41.3,24.4,40.1,Normal
39.6,35.8,3.7,73.2,8.2,40.6,Normal
36.2,36.6,-0.3,78.5,18.2,36.7,Normal
44.0,37.5,6.5,53.5,23.4,43.5,Severe Heatwave
37.2,39.0,-1.8,53.9,17.8,40.8,Normal
42.0,38.7,3.3,37.9,17.7,43.2,Normal
44.2,38.2,6.0,55.1,7.1,45.2,Heatwave
32.0,35.8,-3.8,46.4,14.3,31.6,Normal
37.5,37.7,-0.2,38.1,14.9,36.9,Normal
40.4,35.4,5.0,24.0,18.1,40.2,Heatwave
41.9,36.9,5.1,35.2,24.9,43.0,Heatwave
37.5,37.1,0.4,31.9,2.8,36.5,Normal
33.6,35.2,-1.6,52.5,3.5,32.6,Normal
40.7,36.4,4.3,56.1,3.8,41.3,Normal
44.9,39.8,5.1,56.5,19.1,45.2,Heatwave
36.7,39.8,-3.1,43.3,5.1,35.9,Normal
33.5,36.8,-3.2,45.3,16.3,32.5,Normal
37.0,35.2,1.8,70.1,9.5,38.4,Normal
39.1,35.9,3.2,48.6,12.5,39.5,Normal
36.9,37.0,-0.0,79.3,7.0,35.6,Normal
43.1,39.7,3.4,46.4,21.9,41.8,Normal
34.2,35.7,-1.5,59.0,15.5,33.9,Normal
32.4,38.8,-6.4,23.0,23.7,33.1,Normal
35.1,35.5,-0.5,59.2,15.2,35.7,Normal
41.1,39.9,1.2,71.1,4.8,42.3,Normal
36.9,36.9,0.0,76.5,5.9,35.5,Normal
35.8,38.9,-3.1,79.8,24.7,36.0,Normal
31.4,36.7,-5.4,36.9,18.7,32.8,Normal
37.3,38.1,-0.8,54.5,3.1,38.7,Normal
40.1,36.0,4.1,47.0,18.2,40.5,Normal
41.1,35.7,5.4,53.8,11.5,43.5,Heatwave
44.8,39.7,5.2,29.4,9.1,45.5,Heatwave
37.7,39.6,-1.9,71.4,5.5,38.8,Normal
36.4,39.4,-3.0,74.6,21.3,36.4,Normal
40.9,38.1,2.7,47.0,3.5,40.1,Normal
42.3,39.0,3.2,36.8,8.7,41.4,Normal
37.7,35.3,2.4,28.5,9.0,37.9,Normal
30.6,36.7,-6.0,61.0,5.7,30.4,Normal
34.5,36.6,-2.0,38.7,13.7,32.8,Normal
39.1,38.2,0.9,74.6,2.3,38.0,Normal
39.5,36.8,2.7,60.3,8.9,39.2,Normal
39.4,35.7,3.7,58.7,23.5,40.2,Normal
39.5,38.0,1.5,53.6,9.1,39.5,Normal
41.2,39.1,2.2,22.7,10.3,41.2,Normal
38.2,36.9,1.3,75.9,12.9,37.2,Normal
39.1,35.7,3.4,57.7,14.9,39.1,Normal
38.1,36.0,2.1,79.6,20.6,39.4,Normal
37.4,36.2,1.2,52.2,6.4,37.6,Normal
36.6,36.5,0.1,62.6,22.1,35.1,Normal
39.5,38.2,1.3,23.4,19.4,38.2,Normal
40.7,38.0,2.7,57.9,18.6,41.3,Normal
40.4,38.5,1.9,65.9,4.0,40.2,Normal
39.1,36.8,2.3,66.7,2.5,39.1,Normal
44.8,39.1,5.7,66.2,15.7,44.2,Heatwave
37.9,36.0,1.9,33.6,21.9,38.5,Normal
36.1,37.3,-1.3,78.5,15.4,35.8,Normal
43.1,39.0,4.1,79.7,6.9,42.9,Normal
32.1,35.9,-3.8,24.5,4.1,31.3,Normal
32.8,35.5,-2.8,76.2,18.1,33.7,Normal
41.6,39.4,2.2,37.4,18.6,41.4,Normal
39.5,36.7,2.8,61.4,6.0,40.1,Normal
35.1,38.4,-3.4,40.3,2.6,33.9,Normal
34.8,35.1,-0.3,78.1,11.4,36.5,Normal
37.3,38.5,-1.1,26.1,15.4,38.6,Normal
35.9,36.6,-0.7,49.9,18.2,34.0,Normal
39.6,35.3,4.3,45.7,20.6,38.8,Normal
41.5,38.0,3.5,39.6,16.0,42.0,Normal
37.1,36.2,0.9,58.7,4.6,35.8,Normal
36.0,36.9,-0.9,27.9,17.7,35.9,Normal
31.7,35.4,-3.7,63.0,24.6,32.1,Normal
41.7,35.7,6.0,78.8,22.8,41.5,Heatwave
39.6,36.5,3.1,68.3,22.0,40.1,Normal
34.0,35.4,-1.5,71.6,8.9,33.3,Normal
43.1,39.6,3.5,41.6,19.3,40.8,Normal
35.8,35.0,0.8,39.5,21.6,36.8,Normal
37.4,37.4,-0.0,51.0,17.6,38.4,Normal
38.1,35.6,2.5,22.7,7.8,40.6,Normal
34.9,36.5,-1.6,76.7,23.9,32.7,Normal
39.4,39.6,-0.2,28.6,12.4,40.2,Normal
37.2,35.8,1.4,74.2,5.0,35.3,Normal
39.1,39.8,-0.7,25.0,4.5,40.8,Normal
39.4,36.0,3.3,69.4,16.9,39.9,Normal
46.2,38.7,7.5,29.1,12.1,45.3,Severe Heatwave
36.1,37.7,-1.6,22.3,4.2,36.9,Normal
34.6,39.4,-4.8,63.2,19.0,34.0,Normal
31.8,37.8,-6.0,36.8,20.4,32.1,Normal
38.1,37.7,0.5,62.9,18.7,38.4,Normal
34.7,36.0,-1.3,53.3,6.7,36.4,Normal
37.6,35.8,1.7,26.5,17.9,39.4,Normal
41.0,39.6,1.5,75.9,2.2,40.4,Normal
32.0,36.6,-4.6,47.1,9.0,33.1,Normal
31.5,36.9,-5.4,64.1,11.2,31.9,Normal
40.8,38.8,2.0,50.1,21.2,39.4,Normal
38.2,36.7,1.5,56.3,11.0,37.5,Normal
39.3,39.8,-0.5,38.2,2.3,41.6,Normal
33.9,38.7,-4.8,32.0,10.1,34.2,Normal
40.6,38.0,2.6,52.6,13.5,41.6,Normal
44.9,39.4,5.5,46.4,23.8,44.6,Heatwave
37.2,35.2,2.0,43.4,23.6,36.7,Normal
34.3,36.3,-2.0,60.4,6.2,34.3,Normal
38.5,37.3,1.2,61.4,6.3,38.2,Normal
32.4,36.1,-3.8,22.8,5.8,30.9,Normal
43.4,38.7,4.7,40.3,20.1,42.4,Heatwave
40.9,39.6,1.3,44.7,2.1,41.6,Normal
31.9,37.1,-5.2,25.8,4.9,31.5,Normal
36.7,36.7,-0.1,34.2,14.4,36.7,Normal
42.4,39.8,2.6,23.1,7.7,42.7,Normal
37.1,37.2,-0.2,79.8,4.1,37.4,Normal
37.5,37.4,0.0,64.2,10.3,38.6,Normal
33.5,36.8,-3.3,25.2,8.3,32.4,Normal
42.5,39.5,3.0,21.2,13.8,43.1,Normal
36.6,37.8,-1.3,63.2,24.5,37.3,Normal
32.3,38.8,-6.5,46.4,4.9,33.2,Normal
38.8,39.1,-0.3,67.2,10.6,37.3,Normal
41.1,36.7,4.4,75.4,23.4,41.4,Normal
36.8,37.2,-0.4,56.0,22.2,38.5,Normal
46.3,39.2,7.1,31.2,11.1,46.2,Severe Heatwave
39.3,36.8,2.5,66.9,18.1,39.8,Normal
41.2,39.0,2.2,77.3,4.0,41.9,Normal
40.3,39.7,0.6,54.8,18.4,39.2,Normal
38.9,38.1,0.8,60.9,24.4,40.7,Normal
38.8,38.7,0.1,40.2,14.4,39.3,Normal
39.0,39.0,-0.1,42.9,13.5,39.5,Normal
42.1,39.2,2.9,64.1,6.3,40.4,Normal
34.7,37.0,-2.3,75.7,16.6,35.5,Normal
32.5,35.3,-2.8,57.7,15.6,33.0,Normal
34.1,37.0,-2.9,67.4,17.0,35.7,Normal
46.5,38.4,8.2,30.3,2.6,46.2,Severe Heatwave
40.1,37.3,2.9,32.7,14.6,39.1,Normal
40.8,38.7,2.1,51.9,15.7,40.1,Normal
34.1,36.8,-2.7,30.6,6.8,33.6,Normal
41.4,38.2,3.2,58.1,6.8,40.2,Normal
36.5,35.9,0.6,37.5,8.4,37.8,Normal
40.5,38.7,1.7,67.5,18.4,41.8,Normal
35.3,37.7,-2.4,68.5,15.9,35.1,Normal
37.6,36.0,1.6,47.8,21.5,37.2,Normal
36.0,36.5,-0.5,30.8,8.8,34.2,Normal
37.1,38.7,-1.7,58.8,23.0,37.8,Normal
41.0,37.4,3.6,79.6,19.1,42.6,Normal
31.7,36.1,-4.4,57.4,11.1,31.1,Normal
42.8,39.8,3.0,22.1,4.2,42.7,Normal
42.0,38.6,3.4,21.0,7.9,42.4,Normal
37.7,39.8,-2.1,39.2,24.0,39.4,Normal
35.3,37.1,-1.9,31.7,9.1,35.5,Normal
37.6,37.4,0.2,68.8,9.6,37.8,Normal
41.5,39.5,2.0,70.7,6.4,41.7,Normal
38.1,37.6,0.5,35.5,20.6,36.7,Normal
41.1,38.5,2.5,39.5,8.3,39.6,Normal
43.4,36.3,7.2,34.2,9.6,42.6,Severe Heatwave
36.5,37.2,-0.8,74.5,11.5,37.5,Normal
30.6,35.6,-5.0,50.2,12.0,30.3,Normal
39.9,36.0,3.9,59.4,11.5,39.4,Normal
41.9,35.0,6.9,44.9,13.6,41.3,Severe Heatwave
37.6,35.2,2.4,57.9,20.7,37.4,Normal
37.1,39.9,-2.8,43.2,20.8,38.8,Normal
36.8,36.2,0.6,40.4,20.4,36.6,Normal
35.4,38.3,-2.9,58.1,4.3,34.6,Normal
42.4,39.2,3.2,55.5,20.4,42.5,Normal
34.0,37.8,-3.7,37.6,4.8,35.8,Normal
35.7,35.8,-0.1,29.0,4.9,35.2,Normal
36.1,38.6,-2.5,42.1,23.8,34.9,Normal
39.4,38.0,1.4,44.9,20.8,38.9,Normal
38.4,38.7,-0.3,57.7,14.7,38.5,Normal
40.5,38.8,1.6,74.9,22.1,41.2,Normal
41.0,39.9,1.1,22.2,24.8,42.0,Normal
35.4,37.9,-2.5,34.6,16.0,34.4,Normal
39.9,36.7,3.2,31.6,16.1,39.0,Normal
39.1,38.2,0.8,50.1,19.4,38.7,Normal
32.9,35.3,-2.5,45.8,7.3,33.6,Normal
48.3,39.5,8.8,63.7,5.8,47.1,Severe Heatwave
38.3,35.6,2.7,34.5,19.5,37.7,Normal
37.1,36.6,0.5,55.7,9.9,36.5,Normal
45.0,39.1,6.0,73.0,5.1,46.0,Heatwave
45.4,38.0,7.4,74.6,9.2,46.0,Severe Heatwave
